"project_id","site_id","datetime","duration","variable","observation","n"
"gcrew","c_10_e4.5",2024-09-18,"P1D","CH4_slope_umol_m2_day",45.8188573330615,16
"gcrew","c_10_e4.5",2024-09-19,"P1D","CH4_slope_umol_m2_day",196.292863802408,15
"gcrew","c_10_e4.5",2024-09-20,"P1D","CH4_slope_umol_m2_day",240.604898401166,12
"gcrew","c_10_e4.5",2024-09-21,"P1D","CH4_slope_umol_m2_day",163.789077105737,12
"gcrew","c_10_e4.5",2024-09-22,"P1D","CH4_slope_umol_m2_day",127.152687672383,12
"gcrew","c_10_e4.5",2024-09-23,"P1D","CH4_slope_umol_m2_day",127.775813051538,12
"gcrew","c_10_e4.5",2024-09-24,"P1D","CH4_slope_umol_m2_day",119.737521033738,12
"gcrew","c_10_e4.5",2024-09-25,"P1D","CH4_slope_umol_m2_day",87.2147962174913,12
"gcrew","c_10_e4.5",2024-09-26,"P1D","CH4_slope_umol_m2_day",100.978415720414,12
"gcrew","c_10_e4.5",2024-09-27,"P1D","CH4_slope_umol_m2_day",161.498298561473,12
"gcrew","c_10_e4.5",2024-09-28,"P1D","CH4_slope_umol_m2_day",123.48128994046,12
"gcrew","c_10_e4.5",2024-09-29,"P1D","CH4_slope_umol_m2_day",296.804189220977,12
"gcrew","c_10_e4.5",2024-09-30,"P1D","CH4_slope_umol_m2_day",198.048080296037,12
"gcrew","c_10_e4.5",2024-10-01,"P1D","CH4_slope_umol_m2_day",76.9557750232944,12
"gcrew","c_10_e4.5",2024-10-02,"P1D","CH4_slope_umol_m2_day",107.396937423262,12
"gcrew","c_10_e4.5",2024-10-03,"P1D","CH4_slope_umol_m2_day",84.5145285143495,12
"gcrew","c_10_e4.5",2024-10-04,"P1D","CH4_slope_umol_m2_day",61.0601416051491,12
"gcrew","c_10_e4.5",2024-10-05,"P1D","CH4_slope_umol_m2_day",-28.2294721261373,12
"gcrew","c_10_e4.5",2024-10-06,"P1D","CH4_slope_umol_m2_day",110.287583108735,12
"gcrew","c_10_e4.5",2024-10-07,"P1D","CH4_slope_umol_m2_day",162.176411982196,8
"gcrew","c_10_e4.5",2024-10-08,"P1D","CH4_slope_umol_m2_day",33.2492929192282,8
"gcrew","c_10_e4.5",2024-10-09,"P1D","CH4_slope_umol_m2_day",34.0009987480789,11
"gcrew","c_10_e4.5",2024-10-10,"P1D","CH4_slope_umol_m2_day",3.90787467309007,11
"gcrew","c_10_e4.5",2024-10-11,"P1D","CH4_slope_umol_m2_day",114.578151015246,12
"gcrew","c_10_e4.5",2024-10-12,"P1D","CH4_slope_umol_m2_day",133.60825423337,12
"gcrew","c_10_e4.5",2024-10-13,"P1D","CH4_slope_umol_m2_day",-34.0087146933391,12
"gcrew","c_10_e4.5",2024-10-14,"P1D","CH4_slope_umol_m2_day",-118.941268314583,12
"gcrew","c_10_e4.5",2024-10-15,"P1D","CH4_slope_umol_m2_day",-60.0300169680803,12
"gcrew","c_10_e4.5",2024-10-16,"P1D","CH4_slope_umol_m2_day",-52.6914002223189,7
"gcrew","c_10_e4.5",2024-10-21,"P1D","CH4_slope_umol_m2_day",85.7301847932679,5
"gcrew","c_10_e4.5",2024-10-22,"P1D","CH4_slope_umol_m2_day",-13.5291623137447,12
"gcrew","c_10_e4.5",2024-10-23,"P1D","CH4_slope_umol_m2_day",394.051459170167,12
"gcrew","c_10_e4.5",2024-10-24,"P1D","CH4_slope_umol_m2_day",47.748333478333,12
"gcrew","c_10_e4.5",2024-10-25,"P1D","CH4_slope_umol_m2_day",2.49926745694115,12
"gcrew","c_10_e4.5",2024-10-26,"P1D","CH4_slope_umol_m2_day",51.1234801437442,12
"gcrew","c_10_e4.5",2024-10-27,"P1D","CH4_slope_umol_m2_day",2.77183373072686,12
"gcrew","c_10_e4.5",2024-10-28,"P1D","CH4_slope_umol_m2_day",-20.2836854114903,12
"gcrew","c_10_e4.5",2024-10-29,"P1D","CH4_slope_umol_m2_day",39.1624458794828,12
"gcrew","c_10_e4.5",2024-10-30,"P1D","CH4_slope_umol_m2_day",-10.5381700695221,12
"gcrew","c_10_e4.5",2024-10-31,"P1D","CH4_slope_umol_m2_day",13.2846326007047,12
"gcrew","c_10_e4.5",2024-11-01,"P1D","CH4_slope_umol_m2_day",4.44202882159608,12
"gcrew","c_10_e4.5",2024-11-02,"P1D","CH4_slope_umol_m2_day",31.613786755758,12
"gcrew","c_10_e4.5",2024-11-03,"P1D","CH4_slope_umol_m2_day",23.2112497084271,12
"gcrew","c_10_e4.5",2024-11-04,"P1D","CH4_slope_umol_m2_day",39.7535056975573,12
"gcrew","c_10_e4.5",2024-11-05,"P1D","CH4_slope_umol_m2_day",8.78579014659311,12
"gcrew","c_10_e4.5",2024-11-06,"P1D","CH4_slope_umol_m2_day",26.1886665796125,12
"gcrew","c_10_e4.5",2024-11-07,"P1D","CH4_slope_umol_m2_day",-33.4816860476917,9
"gcrew","c_10_e4.5",2024-11-08,"P1D","CH4_slope_umol_m2_day",24.3729507774541,8
"gcrew","c_10_e4.5",2024-11-09,"P1D","CH4_slope_umol_m2_day",27.9426193502712,8
"gcrew","c_10_e4.5",2024-11-10,"P1D","CH4_slope_umol_m2_day",25.3398867288841,8
"gcrew","c_10_e4.5",2024-11-11,"P1D","CH4_slope_umol_m2_day",-10.4426161103981,8
"gcrew","c_10_e4.5",2024-11-12,"P1D","CH4_slope_umol_m2_day",-1.22802451963518,8
"gcrew","c_10_e4.5",2024-11-13,"P1D","CH4_slope_umol_m2_day",-3.2767064766284,8
"gcrew","c_10_e4.5",2024-11-14,"P1D","CH4_slope_umol_m2_day",-9.41944614882303,8
"gcrew","c_10_e4.5",2024-11-15,"P1D","CH4_slope_umol_m2_day",6.77287608226813,8
"gcrew","c_10_e4.5",2024-11-16,"P1D","CH4_slope_umol_m2_day",-7.9618550833939,8
"gcrew","c_10_e4.5",2024-11-17,"P1D","CH4_slope_umol_m2_day",4.85954781795417,8
"gcrew","c_10_e4.5",2024-11-18,"P1D","CH4_slope_umol_m2_day",15.6636347532041,8
"gcrew","c_10_e4.5",2024-11-19,"P1D","CH4_slope_umol_m2_day",-4.20838974503819,8
"gcrew","c_10_e4.5",2024-11-20,"P1D","CH4_slope_umol_m2_day",24.0001202078528,7
"gcrew","c_10_e4.5",2024-11-21,"P1D","CH4_slope_umol_m2_day",16.4133296058869,4
"gcrew","c_10_e4.5",2024-11-22,"P1D","CH4_slope_umol_m2_day",1.09838419530161,8
"gcrew","c_10_e4.5",2024-11-23,"P1D","CH4_slope_umol_m2_day",11.5254521372621,8
"gcrew","c_10_e4.5",2024-11-24,"P1D","CH4_slope_umol_m2_day",-83.4695028558857,8
"gcrew","c_10_e4.5",2024-11-25,"P1D","CH4_slope_umol_m2_day",-19.5831702132372,8
"gcrew","c_10_e4.5",2024-11-26,"P1D","CH4_slope_umol_m2_day",13.3902874243574,8
"gcrew","c_10_e4.5",2024-11-27,"P1D","CH4_slope_umol_m2_day",4.9675835764967,8
"gcrew","c_10_e4.5",2024-11-28,"P1D","CH4_slope_umol_m2_day",-8.33934388886908,7
"gcrew","c_10_e4.5",2024-11-29,"P1D","CH4_slope_umol_m2_day",4.91958301443517,8
"gcrew","c_10_e4.5",2024-11-30,"P1D","CH4_slope_umol_m2_day",43.7956847917419,8
"gcrew","c_10_e4.5",2024-12-01,"P1D","CH4_slope_umol_m2_day",-21.8643186152099,8
"gcrew","c_10_e4.5",2024-12-02,"P1D","CH4_slope_umol_m2_day",4.91811943684961,8
"gcrew","c_10_e4.5",2024-12-03,"P1D","CH4_slope_umol_m2_day",7.5826576989352,8
"gcrew","c_10_e4.5",2024-12-04,"P1D","CH4_slope_umol_m2_day",18.0724470275203,8
"gcrew","c_10_e4.5",2024-12-05,"P1D","CH4_slope_umol_m2_day",22.6114852672223,8
"gcrew","c_10_e4.5",2024-12-06,"P1D","CH4_slope_umol_m2_day",6.31423800846549,8
"gcrew","c_10_e4.5",2024-12-07,"P1D","CH4_slope_umol_m2_day",35.2635548488069,8
"gcrew","c_10_e4.5",2024-12-08,"P1D","CH4_slope_umol_m2_day",33.1872543639005,8
"gcrew","c_10_e4.5",2024-12-09,"P1D","CH4_slope_umol_m2_day",-25.2759151993179,8
"gcrew","c_10_e4.5",2024-12-10,"P1D","CH4_slope_umol_m2_day",11.1715160374908,8
"gcrew","c_10_e4.5",2024-12-11,"P1D","CH4_slope_umol_m2_day",61.4520809435641,8
"gcrew","c_10_e4.5",2024-12-12,"P1D","CH4_slope_umol_m2_day",52.5976345787724,8
"gcrew","c_10_e4.5",2024-12-13,"P1D","CH4_slope_umol_m2_day",20.8842441152832,8
"gcrew","c_10_e4.5",2024-12-14,"P1D","CH4_slope_umol_m2_day",15.5413296184988,8
"gcrew","c_10_e4.5",2024-12-15,"P1D","CH4_slope_umol_m2_day",21.6836023841149,8
"gcrew","c_10_e4.5",2024-12-16,"P1D","CH4_slope_umol_m2_day",27.8013130334428,8
"gcrew","c_10_e4.5",2024-12-17,"P1D","CH4_slope_umol_m2_day",4.84694191299606,8
"gcrew","c_10_e4.5",2024-12-18,"P1D","CH4_slope_umol_m2_day",-0.17439462567204,8
"gcrew","c_10_e4.5",2024-12-19,"P1D","CH4_slope_umol_m2_day",6.48280647409188,8
"gcrew","c_10_e4.5",2024-12-20,"P1D","CH4_slope_umol_m2_day",21.5688291859036,8
"gcrew","c_10_e4.5",2024-12-21,"P1D","CH4_slope_umol_m2_day",13.2485920876479,8
"gcrew","c_10_e4.5",2024-12-23,"P1D","CH4_slope_umol_m2_day",-2.26160936285398,8
"gcrew","c_10_e4.5",2024-12-24,"P1D","CH4_slope_umol_m2_day",26.4375961418627,8
"gcrew","c_10_e4.5",2024-12-25,"P1D","CH4_slope_umol_m2_day",13.0455630704748,8
"gcrew","c_10_e4.5",2024-12-26,"P1D","CH4_slope_umol_m2_day",1.86735396741974,6
"gcrew","c_11_e5.25",2024-09-18,"P1D","CH4_slope_umol_m2_day",223.17872904568,16
"gcrew","c_11_e5.25",2024-09-19,"P1D","CH4_slope_umol_m2_day",230.367534266241,15
"gcrew","c_11_e5.25",2024-09-20,"P1D","CH4_slope_umol_m2_day",243.143855157985,12
"gcrew","c_11_e5.25",2024-09-21,"P1D","CH4_slope_umol_m2_day",245.100324014381,12
"gcrew","c_11_e5.25",2024-09-22,"P1D","CH4_slope_umol_m2_day",192.943137579217,12
"gcrew","c_11_e5.25",2024-09-23,"P1D","CH4_slope_umol_m2_day",179.358294905904,12
"gcrew","c_11_e5.25",2024-09-24,"P1D","CH4_slope_umol_m2_day",189.896785783439,12
"gcrew","c_11_e5.25",2024-09-25,"P1D","CH4_slope_umol_m2_day",122.689218817131,12
"gcrew","c_11_e5.25",2024-09-26,"P1D","CH4_slope_umol_m2_day",117.517507605664,12
"gcrew","c_11_e5.25",2024-09-27,"P1D","CH4_slope_umol_m2_day",116.805627251182,12
"gcrew","c_11_e5.25",2024-09-28,"P1D","CH4_slope_umol_m2_day",144.342453689685,12
"gcrew","c_11_e5.25",2024-09-29,"P1D","CH4_slope_umol_m2_day",137.948971597148,12
"gcrew","c_11_e5.25",2024-09-30,"P1D","CH4_slope_umol_m2_day",237.57637829489,12
"gcrew","c_11_e5.25",2024-10-01,"P1D","CH4_slope_umol_m2_day",129.634408184403,12
"gcrew","c_11_e5.25",2024-10-02,"P1D","CH4_slope_umol_m2_day",102.622780189207,12
"gcrew","c_11_e5.25",2024-10-03,"P1D","CH4_slope_umol_m2_day",142.577687356421,12
"gcrew","c_11_e5.25",2024-10-04,"P1D","CH4_slope_umol_m2_day",78.2570571478388,12
"gcrew","c_11_e5.25",2024-10-05,"P1D","CH4_slope_umol_m2_day",-390.088032415871,12
"gcrew","c_11_e5.25",2024-10-06,"P1D","CH4_slope_umol_m2_day",135.053161791621,12
"gcrew","c_11_e5.25",2024-10-07,"P1D","CH4_slope_umol_m2_day",110.689927842401,9
"gcrew","c_11_e5.25",2024-10-08,"P1D","CH4_slope_umol_m2_day",244.31683983294,8
"gcrew","c_11_e5.25",2024-10-09,"P1D","CH4_slope_umol_m2_day",202.547384489491,12
"gcrew","c_11_e5.25",2024-10-10,"P1D","CH4_slope_umol_m2_day",-106.134889210722,12
"gcrew","c_11_e5.25",2024-10-11,"P1D","CH4_slope_umol_m2_day",63.0314762494581,12
"gcrew","c_11_e5.25",2024-10-12,"P1D","CH4_slope_umol_m2_day",-22.5728020725049,12
"gcrew","c_11_e5.25",2024-10-13,"P1D","CH4_slope_umol_m2_day",-51.9757452436169,12
"gcrew","c_11_e5.25",2024-10-14,"P1D","CH4_slope_umol_m2_day",100.067656370708,12
"gcrew","c_11_e5.25",2024-10-15,"P1D","CH4_slope_umol_m2_day",34.8232444196508,12
"gcrew","c_11_e5.25",2024-10-16,"P1D","CH4_slope_umol_m2_day",-36.6379263125011,6
"gcrew","c_11_e5.25",2024-10-21,"P1D","CH4_slope_umol_m2_day",33.0322368260811,5
"gcrew","c_11_e5.25",2024-10-22,"P1D","CH4_slope_umol_m2_day",80.8736448240597,12
"gcrew","c_11_e5.25",2024-10-23,"P1D","CH4_slope_umol_m2_day",33.0407874301092,12
"gcrew","c_11_e5.25",2024-10-24,"P1D","CH4_slope_umol_m2_day",22.0647335628958,12
"gcrew","c_11_e5.25",2024-10-25,"P1D","CH4_slope_umol_m2_day",66.687730096279,12
"gcrew","c_11_e5.25",2024-10-26,"P1D","CH4_slope_umol_m2_day",39.6635175794453,12
"gcrew","c_11_e5.25",2024-10-27,"P1D","CH4_slope_umol_m2_day",16.1288721066847,12
"gcrew","c_11_e5.25",2024-10-28,"P1D","CH4_slope_umol_m2_day",54.8154982896451,12
"gcrew","c_11_e5.25",2024-10-29,"P1D","CH4_slope_umol_m2_day",8.31188135446484,12
"gcrew","c_11_e5.25",2024-10-30,"P1D","CH4_slope_umol_m2_day",9.65012791594809,12
"gcrew","c_11_e5.25",2024-10-31,"P1D","CH4_slope_umol_m2_day",41.1004208200698,12
"gcrew","c_11_e5.25",2024-11-01,"P1D","CH4_slope_umol_m2_day",26.2411021039245,12
"gcrew","c_11_e5.25",2024-11-02,"P1D","CH4_slope_umol_m2_day",30.8593836918957,12
"gcrew","c_11_e5.25",2024-11-03,"P1D","CH4_slope_umol_m2_day",7.17311743562929,12
"gcrew","c_11_e5.25",2024-11-04,"P1D","CH4_slope_umol_m2_day",63.4762997137286,12
"gcrew","c_11_e5.25",2024-11-05,"P1D","CH4_slope_umol_m2_day",39.3518774846177,12
"gcrew","c_11_e5.25",2024-11-06,"P1D","CH4_slope_umol_m2_day",27.5730346016812,12
"gcrew","c_11_e5.25",2024-11-07,"P1D","CH4_slope_umol_m2_day",-10.2991944069363,8
"gcrew","c_11_e5.25",2024-11-08,"P1D","CH4_slope_umol_m2_day",13.8682619255978,8
"gcrew","c_11_e5.25",2024-11-09,"P1D","CH4_slope_umol_m2_day",30.7249721767227,8
"gcrew","c_11_e5.25",2024-11-10,"P1D","CH4_slope_umol_m2_day",10.8228107953158,8
"gcrew","c_11_e5.25",2024-11-11,"P1D","CH4_slope_umol_m2_day",47.3838774488638,8
"gcrew","c_11_e5.25",2024-11-12,"P1D","CH4_slope_umol_m2_day",23.7681041180485,8
"gcrew","c_11_e5.25",2024-11-13,"P1D","CH4_slope_umol_m2_day",25.0222096858191,8
"gcrew","c_11_e5.25",2024-11-14,"P1D","CH4_slope_umol_m2_day",56.7437264510821,8
"gcrew","c_11_e5.25",2024-11-15,"P1D","CH4_slope_umol_m2_day",48.0132555300356,8
"gcrew","c_11_e5.25",2024-11-16,"P1D","CH4_slope_umol_m2_day",38.3165392834316,8
"gcrew","c_11_e5.25",2024-11-17,"P1D","CH4_slope_umol_m2_day",8.27666156175388,8
"gcrew","c_11_e5.25",2024-11-18,"P1D","CH4_slope_umol_m2_day",102.688316491759,8
"gcrew","c_11_e5.25",2024-11-19,"P1D","CH4_slope_umol_m2_day",-82.143923016599,7
"gcrew","c_11_e5.25",2024-11-20,"P1D","CH4_slope_umol_m2_day",29.1659805780279,8
"gcrew","c_11_e5.25",2024-11-21,"P1D","CH4_slope_umol_m2_day",27.9454621736923,3
"gcrew","c_11_e5.25",2024-11-22,"P1D","CH4_slope_umol_m2_day",16.6518254515616,8
"gcrew","c_11_e5.25",2024-11-23,"P1D","CH4_slope_umol_m2_day",37.4453246038677,8
"gcrew","c_11_e5.25",2024-11-24,"P1D","CH4_slope_umol_m2_day",11.7409001435569,8
"gcrew","c_11_e5.25",2024-11-25,"P1D","CH4_slope_umol_m2_day",15.0275379609682,8
"gcrew","c_11_e5.25",2024-11-26,"P1D","CH4_slope_umol_m2_day",-7.17034341868159,8
"gcrew","c_11_e5.25",2024-11-27,"P1D","CH4_slope_umol_m2_day",36.975887283687,8
"gcrew","c_11_e5.25",2024-11-28,"P1D","CH4_slope_umol_m2_day",30.1532773739964,8
"gcrew","c_11_e5.25",2024-11-29,"P1D","CH4_slope_umol_m2_day",15.2678592204681,8
"gcrew","c_11_e5.25",2024-11-30,"P1D","CH4_slope_umol_m2_day",20.9354257417449,8
"gcrew","c_11_e5.25",2024-12-01,"P1D","CH4_slope_umol_m2_day",20.6323948162164,8
"gcrew","c_11_e5.25",2024-12-02,"P1D","CH4_slope_umol_m2_day",-2.01071846603402,8
"gcrew","c_11_e5.25",2024-12-03,"P1D","CH4_slope_umol_m2_day",16.020936097084,8
"gcrew","c_11_e5.25",2024-12-04,"P1D","CH4_slope_umol_m2_day",10.9366168770015,8
"gcrew","c_11_e5.25",2024-12-05,"P1D","CH4_slope_umol_m2_day",10.6162575280311,8
"gcrew","c_11_e5.25",2024-12-06,"P1D","CH4_slope_umol_m2_day",15.6233374994963,9
"gcrew","c_11_e5.25",2024-12-07,"P1D","CH4_slope_umol_m2_day",46.732225291502,9
"gcrew","c_11_e5.25",2024-12-08,"P1D","CH4_slope_umol_m2_day",0.662627554305061,9
"gcrew","c_11_e5.25",2024-12-09,"P1D","CH4_slope_umol_m2_day",6.58670850645413,9
"gcrew","c_11_e5.25",2024-12-10,"P1D","CH4_slope_umol_m2_day",11.493227295408,9
"gcrew","c_11_e5.25",2024-12-11,"P1D","CH4_slope_umol_m2_day",5.43196599501439,8
"gcrew","c_11_e5.25",2024-12-12,"P1D","CH4_slope_umol_m2_day",-44.133141549899,8
"gcrew","c_11_e5.25",2024-12-13,"P1D","CH4_slope_umol_m2_day",13.9529085660653,8
"gcrew","c_11_e5.25",2024-12-14,"P1D","CH4_slope_umol_m2_day",9.42886894773229,8
"gcrew","c_11_e5.25",2024-12-15,"P1D","CH4_slope_umol_m2_day",12.5417432243034,8
"gcrew","c_11_e5.25",2024-12-16,"P1D","CH4_slope_umol_m2_day",-0.869547889135498,8
"gcrew","c_11_e5.25",2024-12-17,"P1D","CH4_slope_umol_m2_day",18.0406523349912,8
"gcrew","c_11_e5.25",2024-12-18,"P1D","CH4_slope_umol_m2_day",11.050839157689,8
"gcrew","c_11_e5.25",2024-12-19,"P1D","CH4_slope_umol_m2_day",12.4462508544236,8
"gcrew","c_11_e5.25",2024-12-20,"P1D","CH4_slope_umol_m2_day",17.78336589814,8
"gcrew","c_11_e5.25",2024-12-21,"P1D","CH4_slope_umol_m2_day",9.8871956923885,8
"gcrew","c_11_e5.25",2024-12-22,"P1D","CH4_slope_umol_m2_day",6.47491065970765,8
"gcrew","c_11_e5.25",2024-12-23,"P1D","CH4_slope_umol_m2_day",3.12913982287974,8
"gcrew","c_11_e5.25",2024-12-25,"P1D","CH4_slope_umol_m2_day",-40.2844872414744,8
"gcrew","c_11_e5.25",2024-12-26,"P1D","CH4_slope_umol_m2_day",-15.5592058203383,5
"gcrew","c_12_e6.0",2024-09-18,"P1D","CH4_slope_umol_m2_day",76.758108540623,15
"gcrew","c_12_e6.0",2024-09-19,"P1D","CH4_slope_umol_m2_day",67.2844658203025,15
"gcrew","c_12_e6.0",2024-09-20,"P1D","CH4_slope_umol_m2_day",110.957150211777,12
"gcrew","c_12_e6.0",2024-09-21,"P1D","CH4_slope_umol_m2_day",216.623933862185,12
"gcrew","c_12_e6.0",2024-09-22,"P1D","CH4_slope_umol_m2_day",152.781970489351,12
"gcrew","c_12_e6.0",2024-09-23,"P1D","CH4_slope_umol_m2_day",-20.0649629518534,12
"gcrew","c_12_e6.0",2024-09-24,"P1D","CH4_slope_umol_m2_day",-6.34466305030441,12
"gcrew","c_12_e6.0",2024-09-25,"P1D","CH4_slope_umol_m2_day",-8.84374440350566,12
"gcrew","c_12_e6.0",2024-09-26,"P1D","CH4_slope_umol_m2_day",49.5025655136491,12
"gcrew","c_12_e6.0",2024-09-27,"P1D","CH4_slope_umol_m2_day",163.652830577517,12
"gcrew","c_12_e6.0",2024-09-28,"P1D","CH4_slope_umol_m2_day",138.712127249852,12
"gcrew","c_12_e6.0",2024-09-29,"P1D","CH4_slope_umol_m2_day",222.066036162856,12
"gcrew","c_12_e6.0",2024-09-30,"P1D","CH4_slope_umol_m2_day",164.026194399773,12
"gcrew","c_12_e6.0",2024-10-01,"P1D","CH4_slope_umol_m2_day",110.311964857627,12
"gcrew","c_12_e6.0",2024-10-02,"P1D","CH4_slope_umol_m2_day",133.315775471985,12
"gcrew","c_12_e6.0",2024-10-03,"P1D","CH4_slope_umol_m2_day",119.177732068667,12
"gcrew","c_12_e6.0",2024-10-04,"P1D","CH4_slope_umol_m2_day",76.9502837698995,12
"gcrew","c_12_e6.0",2024-10-05,"P1D","CH4_slope_umol_m2_day",937.372190376135,12
"gcrew","c_12_e6.0",2024-10-06,"P1D","CH4_slope_umol_m2_day",124.307750986645,12
"gcrew","c_12_e6.0",2024-10-07,"P1D","CH4_slope_umol_m2_day",108.178433864594,10
"gcrew","c_12_e6.0",2024-10-08,"P1D","CH4_slope_umol_m2_day",161.734089252395,7
"gcrew","c_12_e6.0",2024-10-09,"P1D","CH4_slope_umol_m2_day",25.322717809934,11
"gcrew","c_12_e6.0",2024-10-10,"P1D","CH4_slope_umol_m2_day",227.862092963727,11
"gcrew","c_12_e6.0",2024-10-11,"P1D","CH4_slope_umol_m2_day",81.7319937580037,12
"gcrew","c_12_e6.0",2024-10-12,"P1D","CH4_slope_umol_m2_day",73.8737658743796,12
"gcrew","c_12_e6.0",2024-10-13,"P1D","CH4_slope_umol_m2_day",54.2046717279455,12
"gcrew","c_12_e6.0",2024-10-14,"P1D","CH4_slope_umol_m2_day",-88.766004198714,12
"gcrew","c_12_e6.0",2024-10-15,"P1D","CH4_slope_umol_m2_day",61.9238656752908,12
"gcrew","c_12_e6.0",2024-10-16,"P1D","CH4_slope_umol_m2_day",22.9761695702666,7
"gcrew","c_12_e6.0",2024-10-21,"P1D","CH4_slope_umol_m2_day",113.560700737345,5
"gcrew","c_12_e6.0",2024-10-22,"P1D","CH4_slope_umol_m2_day",90.7441491741421,12
"gcrew","c_12_e6.0",2024-10-23,"P1D","CH4_slope_umol_m2_day",101.405415195737,12
"gcrew","c_12_e6.0",2024-10-24,"P1D","CH4_slope_umol_m2_day",91.6718900142071,12
"gcrew","c_12_e6.0",2024-10-25,"P1D","CH4_slope_umol_m2_day",28.2776413471921,12
"gcrew","c_12_e6.0",2024-10-26,"P1D","CH4_slope_umol_m2_day",74.3802149023923,12
"gcrew","c_12_e6.0",2024-10-27,"P1D","CH4_slope_umol_m2_day",26.450027230064,12
"gcrew","c_12_e6.0",2024-10-28,"P1D","CH4_slope_umol_m2_day",36.953544908044,12
"gcrew","c_12_e6.0",2024-10-29,"P1D","CH4_slope_umol_m2_day",241.069385967842,12
"gcrew","c_12_e6.0",2024-10-30,"P1D","CH4_slope_umol_m2_day",17.4109189348405,12
"gcrew","c_12_e6.0",2024-10-31,"P1D","CH4_slope_umol_m2_day",59.5715913901628,12
"gcrew","c_12_e6.0",2024-11-01,"P1D","CH4_slope_umol_m2_day",39.1503208078118,12
"gcrew","c_12_e6.0",2024-11-02,"P1D","CH4_slope_umol_m2_day",101.735380600759,12
"gcrew","c_12_e6.0",2024-11-03,"P1D","CH4_slope_umol_m2_day",28.2703853975904,12
"gcrew","c_12_e6.0",2024-11-04,"P1D","CH4_slope_umol_m2_day",29.3223433814033,12
"gcrew","c_12_e6.0",2024-11-05,"P1D","CH4_slope_umol_m2_day",63.6709549782827,12
"gcrew","c_12_e6.0",2024-11-06,"P1D","CH4_slope_umol_m2_day",80.3889228609865,12
"gcrew","c_12_e6.0",2024-11-07,"P1D","CH4_slope_umol_m2_day",-4.98915392718974,10
"gcrew","c_12_e6.0",2024-11-08,"P1D","CH4_slope_umol_m2_day",46.2910143177224,8
"gcrew","c_12_e6.0",2024-11-09,"P1D","CH4_slope_umol_m2_day",38.2118156160574,8
"gcrew","c_12_e6.0",2024-11-10,"P1D","CH4_slope_umol_m2_day",65.7698799957791,8
"gcrew","c_12_e6.0",2024-11-11,"P1D","CH4_slope_umol_m2_day",108.930938839353,8
"gcrew","c_12_e6.0",2024-11-12,"P1D","CH4_slope_umol_m2_day",23.7585396466424,8
"gcrew","c_12_e6.0",2024-11-13,"P1D","CH4_slope_umol_m2_day",34.3294311441404,8
"gcrew","c_12_e6.0",2024-11-14,"P1D","CH4_slope_umol_m2_day",111.8407706913,8
"gcrew","c_12_e6.0",2024-11-15,"P1D","CH4_slope_umol_m2_day",81.4599432190082,8
"gcrew","c_12_e6.0",2024-11-16,"P1D","CH4_slope_umol_m2_day",45.0607207334148,8
"gcrew","c_12_e6.0",2024-11-17,"P1D","CH4_slope_umol_m2_day",37.8264182612753,8
"gcrew","c_12_e6.0",2024-11-18,"P1D","CH4_slope_umol_m2_day",82.8128786896939,8
"gcrew","c_12_e6.0",2024-11-19,"P1D","CH4_slope_umol_m2_day",19.0624452769638,7
"gcrew","c_12_e6.0",2024-11-20,"P1D","CH4_slope_umol_m2_day",80.7604791023265,7
"gcrew","c_12_e6.0",2024-11-21,"P1D","CH4_slope_umol_m2_day",13.9513453394314,4
"gcrew","c_12_e6.0",2024-11-22,"P1D","CH4_slope_umol_m2_day",16.6957326389533,8
"gcrew","c_12_e6.0",2024-11-23,"P1D","CH4_slope_umol_m2_day",35.4417155812126,8
"gcrew","c_12_e6.0",2024-11-24,"P1D","CH4_slope_umol_m2_day",51.326881064515,8
"gcrew","c_12_e6.0",2024-11-25,"P1D","CH4_slope_umol_m2_day",58.2866563786094,8
"gcrew","c_12_e6.0",2024-11-26,"P1D","CH4_slope_umol_m2_day",30.4359584117026,8
"gcrew","c_12_e6.0",2024-11-27,"P1D","CH4_slope_umol_m2_day",23.8427579950336,8
"gcrew","c_12_e6.0",2024-11-28,"P1D","CH4_slope_umol_m2_day",121.667311628313,9
"gcrew","c_12_e6.0",2024-11-29,"P1D","CH4_slope_umol_m2_day",6.31516038546168,9
"gcrew","c_12_e6.0",2024-11-30,"P1D","CH4_slope_umol_m2_day",19.7232135684749,9
"gcrew","c_12_e6.0",2024-12-01,"P1D","CH4_slope_umol_m2_day",62.3284396617684,9
"gcrew","c_12_e6.0",2024-12-02,"P1D","CH4_slope_umol_m2_day",21.412256387706,9
"gcrew","c_12_e6.0",2024-12-03,"P1D","CH4_slope_umol_m2_day",33.9068976942804,9
"gcrew","c_12_e6.0",2024-12-04,"P1D","CH4_slope_umol_m2_day",37.6440185382768,9
"gcrew","c_12_e6.0",2024-12-05,"P1D","CH4_slope_umol_m2_day",27.0318045935662,8
"gcrew","c_12_e6.0",2024-12-06,"P1D","CH4_slope_umol_m2_day",28.1970778683083,8
"gcrew","c_12_e6.0",2024-12-07,"P1D","CH4_slope_umol_m2_day",3.82684953498683,8
"gcrew","c_12_e6.0",2024-12-08,"P1D","CH4_slope_umol_m2_day",5.72593509249491,8
"gcrew","c_12_e6.0",2024-12-09,"P1D","CH4_slope_umol_m2_day",18.8231797629951,8
"gcrew","c_12_e6.0",2024-12-10,"P1D","CH4_slope_umol_m2_day",27.0572647339729,8
"gcrew","c_12_e6.0",2024-12-11,"P1D","CH4_slope_umol_m2_day",90.7887661029092,8
"gcrew","c_12_e6.0",2024-12-12,"P1D","CH4_slope_umol_m2_day",38.4671201299118,8
"gcrew","c_12_e6.0",2024-12-13,"P1D","CH4_slope_umol_m2_day",9.92267817972352,8
"gcrew","c_12_e6.0",2024-12-14,"P1D","CH4_slope_umol_m2_day",21.8778379993496,8
"gcrew","c_12_e6.0",2024-12-15,"P1D","CH4_slope_umol_m2_day",5.73611819348042,8
"gcrew","c_12_e6.0",2024-12-16,"P1D","CH4_slope_umol_m2_day",43.9692519147443,8
"gcrew","c_12_e6.0",2024-12-17,"P1D","CH4_slope_umol_m2_day",22.1543960105733,8
"gcrew","c_12_e6.0",2024-12-19,"P1D","CH4_slope_umol_m2_day",30.9156008025493,8
"gcrew","c_12_e6.0",2024-12-20,"P1D","CH4_slope_umol_m2_day",27.0821879980086,8
"gcrew","c_12_e6.0",2024-12-21,"P1D","CH4_slope_umol_m2_day",10.4462509640111,8
"gcrew","c_12_e6.0",2024-12-22,"P1D","CH4_slope_umol_m2_day",12.8419793320044,8
"gcrew","c_12_e6.0",2024-12-23,"P1D","CH4_slope_umol_m2_day",5.6672143421479,8
"gcrew","c_12_e6.0",2024-12-24,"P1D","CH4_slope_umol_m2_day",24.6839206576104,8
"gcrew","c_12_e6.0",2024-12-25,"P1D","CH4_slope_umol_m2_day",-19.5151406351855,8
"gcrew","c_12_e6.0",2024-12-26,"P1D","CH4_slope_umol_m2_day",63.5932538285009,6
"gcrew","c_1_amb",2024-09-18,"P1D","CH4_slope_umol_m2_day",166.534425880614,16
"gcrew","c_1_amb",2024-09-19,"P1D","CH4_slope_umol_m2_day",154.612089928124,15
"gcrew","c_1_amb",2024-09-20,"P1D","CH4_slope_umol_m2_day",202.174767394876,12
"gcrew","c_1_amb",2024-09-21,"P1D","CH4_slope_umol_m2_day",257.014445609965,12
"gcrew","c_1_amb",2024-09-22,"P1D","CH4_slope_umol_m2_day",277.680879900255,12
"gcrew","c_1_amb",2024-09-23,"P1D","CH4_slope_umol_m2_day",295.059472371643,12
"gcrew","c_1_amb",2024-09-24,"P1D","CH4_slope_umol_m2_day",206.016930035248,12
"gcrew","c_1_amb",2024-09-25,"P1D","CH4_slope_umol_m2_day",-161.484711329196,12
"gcrew","c_1_amb",2024-09-26,"P1D","CH4_slope_umol_m2_day",96.2930188556393,12
"gcrew","c_1_amb",2024-09-27,"P1D","CH4_slope_umol_m2_day",-13.590443130642,12
"gcrew","c_1_amb",2024-09-28,"P1D","CH4_slope_umol_m2_day",63.1001758236406,12
"gcrew","c_1_amb",2024-09-29,"P1D","CH4_slope_umol_m2_day",75.1265259527303,12
"gcrew","c_1_amb",2024-09-30,"P1D","CH4_slope_umol_m2_day",274.735786070193,12
"gcrew","c_1_amb",2024-10-01,"P1D","CH4_slope_umol_m2_day",198.978026348574,12
"gcrew","c_1_amb",2024-10-02,"P1D","CH4_slope_umol_m2_day",155.082886310344,12
"gcrew","c_1_amb",2024-10-03,"P1D","CH4_slope_umol_m2_day",170.973250586158,12
"gcrew","c_1_amb",2024-10-04,"P1D","CH4_slope_umol_m2_day",35.5143667743454,12
"gcrew","c_1_amb",2024-10-05,"P1D","CH4_slope_umol_m2_day",81.3136623061676,12
"gcrew","c_1_amb",2024-10-06,"P1D","CH4_slope_umol_m2_day",79.4169740890434,12
"gcrew","c_1_amb",2024-10-07,"P1D","CH4_slope_umol_m2_day",243.771728652408,8
"gcrew","c_1_amb",2024-10-08,"P1D","CH4_slope_umol_m2_day",-20.9880249958944,8
"gcrew","c_1_amb",2024-10-09,"P1D","CH4_slope_umol_m2_day",-19.6538716043248,11
"gcrew","c_1_amb",2024-10-10,"P1D","CH4_slope_umol_m2_day",-388.955495488344,11
"gcrew","c_1_amb",2024-10-11,"P1D","CH4_slope_umol_m2_day",-455.347050364433,12
"gcrew","c_1_amb",2024-10-12,"P1D","CH4_slope_umol_m2_day",-188.722966696922,12
"gcrew","c_1_amb",2024-10-13,"P1D","CH4_slope_umol_m2_day",-121.407958633733,12
"gcrew","c_1_amb",2024-10-14,"P1D","CH4_slope_umol_m2_day",1.18480786264982,12
"gcrew","c_1_amb",2024-10-15,"P1D","CH4_slope_umol_m2_day",-353.19468261814,12
"gcrew","c_1_amb",2024-10-16,"P1D","CH4_slope_umol_m2_day",-220.911841428063,7
"gcrew","c_1_amb",2024-10-21,"P1D","CH4_slope_umol_m2_day",439.417574480912,5
"gcrew","c_1_amb",2024-10-22,"P1D","CH4_slope_umol_m2_day",62.8606190608905,12
"gcrew","c_1_amb",2024-10-23,"P1D","CH4_slope_umol_m2_day",67.2428872530661,12
"gcrew","c_1_amb",2024-10-24,"P1D","CH4_slope_umol_m2_day",177.074278215604,12
"gcrew","c_1_amb",2024-10-25,"P1D","CH4_slope_umol_m2_day",-9.00184241756977,12
"gcrew","c_1_amb",2024-10-26,"P1D","CH4_slope_umol_m2_day",41.2207515374037,12
"gcrew","c_1_amb",2024-10-27,"P1D","CH4_slope_umol_m2_day",24.5809102971166,12
"gcrew","c_1_amb",2024-10-28,"P1D","CH4_slope_umol_m2_day",14.8538384290032,12
"gcrew","c_1_amb",2024-10-29,"P1D","CH4_slope_umol_m2_day",-64.487758219351,12
"gcrew","c_1_amb",2024-10-30,"P1D","CH4_slope_umol_m2_day",9.26522943553842,12
"gcrew","c_1_amb",2024-10-31,"P1D","CH4_slope_umol_m2_day",26.0138182988205,12
"gcrew","c_1_amb",2024-11-01,"P1D","CH4_slope_umol_m2_day",14.0519210771009,12
"gcrew","c_1_amb",2024-11-02,"P1D","CH4_slope_umol_m2_day",13.7415727017828,12
"gcrew","c_1_amb",2024-11-03,"P1D","CH4_slope_umol_m2_day",8.68340035396338,12
"gcrew","c_1_amb",2024-11-04,"P1D","CH4_slope_umol_m2_day",-40.0368844491596,12
"gcrew","c_1_amb",2024-11-05,"P1D","CH4_slope_umol_m2_day",48.3033748114062,12
"gcrew","c_1_amb",2024-11-06,"P1D","CH4_slope_umol_m2_day",26.2813075438451,12
"gcrew","c_1_amb",2024-11-07,"P1D","CH4_slope_umol_m2_day",31.2138840305761,9
"gcrew","c_1_amb",2024-11-08,"P1D","CH4_slope_umol_m2_day",5.88509480804982,8
"gcrew","c_1_amb",2024-11-09,"P1D","CH4_slope_umol_m2_day",16.603216193252,8
"gcrew","c_1_amb",2024-11-10,"P1D","CH4_slope_umol_m2_day",42.0409168033385,8
"gcrew","c_1_amb",2024-11-11,"P1D","CH4_slope_umol_m2_day",152.327939941061,8
"gcrew","c_1_amb",2024-11-12,"P1D","CH4_slope_umol_m2_day",-4.28327298273763,8
"gcrew","c_1_amb",2024-11-13,"P1D","CH4_slope_umol_m2_day",18.2282833725659,8
"gcrew","c_1_amb",2024-11-14,"P1D","CH4_slope_umol_m2_day",87.3840824875505,8
"gcrew","c_1_amb",2024-11-15,"P1D","CH4_slope_umol_m2_day",217.331422415433,8
"gcrew","c_1_amb",2024-11-16,"P1D","CH4_slope_umol_m2_day",67.1317565019189,8
"gcrew","c_1_amb",2024-11-17,"P1D","CH4_slope_umol_m2_day",37.3241179070719,8
"gcrew","c_1_amb",2024-11-18,"P1D","CH4_slope_umol_m2_day",67.3546961447059,8
"gcrew","c_1_amb",2024-11-19,"P1D","CH4_slope_umol_m2_day",60.101605098611,8
"gcrew","c_1_amb",2024-11-20,"P1D","CH4_slope_umol_m2_day",98.4419582089857,7
"gcrew","c_1_amb",2024-11-21,"P1D","CH4_slope_umol_m2_day",40.8348468458729,4
"gcrew","c_1_amb",2024-11-22,"P1D","CH4_slope_umol_m2_day",26.0578919328417,8
"gcrew","c_1_amb",2024-11-23,"P1D","CH4_slope_umol_m2_day",-4.00147006339784,8
"gcrew","c_1_amb",2024-11-24,"P1D","CH4_slope_umol_m2_day",88.7058931508536,8
"gcrew","c_1_amb",2024-11-25,"P1D","CH4_slope_umol_m2_day",75.707235918411,8
"gcrew","c_1_amb",2024-11-26,"P1D","CH4_slope_umol_m2_day",40.7027936555478,8
"gcrew","c_1_amb",2024-11-27,"P1D","CH4_slope_umol_m2_day",2.75819385645832,8
"gcrew","c_1_amb",2024-11-28,"P1D","CH4_slope_umol_m2_day",71.4057477762174,7
"gcrew","c_1_amb",2024-11-29,"P1D","CH4_slope_umol_m2_day",30.4538398371977,8
"gcrew","c_1_amb",2024-11-30,"P1D","CH4_slope_umol_m2_day",31.1882065138712,8
"gcrew","c_1_amb",2024-12-01,"P1D","CH4_slope_umol_m2_day",18.3984853443419,8
"gcrew","c_1_amb",2024-12-02,"P1D","CH4_slope_umol_m2_day",22.0099017784806,8
"gcrew","c_1_amb",2024-12-03,"P1D","CH4_slope_umol_m2_day",22.3379686472196,8
"gcrew","c_1_amb",2024-12-04,"P1D","CH4_slope_umol_m2_day",24.499666068177,8
"gcrew","c_1_amb",2024-12-05,"P1D","CH4_slope_umol_m2_day",16.7669914430032,8
"gcrew","c_1_amb",2024-12-06,"P1D","CH4_slope_umol_m2_day",12.4489768255994,8
"gcrew","c_1_amb",2024-12-07,"P1D","CH4_slope_umol_m2_day",4.9650575191901,8
"gcrew","c_1_amb",2024-12-08,"P1D","CH4_slope_umol_m2_day",32.5650421115117,8
"gcrew","c_1_amb",2024-12-09,"P1D","CH4_slope_umol_m2_day",41.2396685117782,8
"gcrew","c_1_amb",2024-12-10,"P1D","CH4_slope_umol_m2_day",43.7315284651309,8
"gcrew","c_1_amb",2024-12-11,"P1D","CH4_slope_umol_m2_day",35.5413150031109,8
"gcrew","c_1_amb",2024-12-12,"P1D","CH4_slope_umol_m2_day",18.231506879158,8
"gcrew","c_1_amb",2024-12-13,"P1D","CH4_slope_umol_m2_day",7.64431371006528,8
"gcrew","c_1_amb",2024-12-14,"P1D","CH4_slope_umol_m2_day",9.04675083037426,8
"gcrew","c_1_amb",2024-12-15,"P1D","CH4_slope_umol_m2_day",9.52241154480923,8
"gcrew","c_1_amb",2024-12-16,"P1D","CH4_slope_umol_m2_day",12.7963911703576,8
"gcrew","c_1_amb",2024-12-17,"P1D","CH4_slope_umol_m2_day",7.6273708031831,8
"gcrew","c_1_amb",2024-12-18,"P1D","CH4_slope_umol_m2_day",21.0558376890265,8
"gcrew","c_1_amb",2024-12-19,"P1D","CH4_slope_umol_m2_day",19.2173486319528,8
"gcrew","c_1_amb",2024-12-20,"P1D","CH4_slope_umol_m2_day",7.44937473313331,8
"gcrew","c_1_amb",2024-12-21,"P1D","CH4_slope_umol_m2_day",-13.0549200632517,8
"gcrew","c_1_amb",2024-12-22,"P1D","CH4_slope_umol_m2_day",11.8148555597223,8
"gcrew","c_1_amb",2024-12-23,"P1D","CH4_slope_umol_m2_day",7.46294738534773,8
"gcrew","c_1_amb",2024-12-24,"P1D","CH4_slope_umol_m2_day",-19.2449254303166,8
"gcrew","c_1_amb",2024-12-25,"P1D","CH4_slope_umol_m2_day",49.7138419870381,8
"gcrew","c_1_amb",2024-12-26,"P1D","CH4_slope_umol_m2_day",-4.34294917158765,6
"gcrew","c_2_amb",2024-11-19,"P1D","CH4_slope_umol_m2_day",71.228322671174,3
"gcrew","c_2_amb",2024-11-20,"P1D","CH4_slope_umol_m2_day",10.7961729915217,7
"gcrew","c_2_amb",2024-11-21,"P1D","CH4_slope_umol_m2_day",35.566250632096,3
"gcrew","c_2_amb",2024-11-22,"P1D","CH4_slope_umol_m2_day",2.8285172533251,8
"gcrew","c_2_amb",2024-11-23,"P1D","CH4_slope_umol_m2_day",14.7188987599318,8
"gcrew","c_2_amb",2024-11-24,"P1D","CH4_slope_umol_m2_day",12.5109532203498,8
"gcrew","c_2_amb",2024-11-25,"P1D","CH4_slope_umol_m2_day",50.7642294532836,8
"gcrew","c_2_amb",2024-11-26,"P1D","CH4_slope_umol_m2_day",17.7671460428132,8
"gcrew","c_2_amb",2024-11-27,"P1D","CH4_slope_umol_m2_day",7.10059102805356,8
"gcrew","c_2_amb",2024-11-28,"P1D","CH4_slope_umol_m2_day",12.8502789169443,8
"gcrew","c_2_amb",2024-11-29,"P1D","CH4_slope_umol_m2_day",21.3576465861676,8
"gcrew","c_2_amb",2024-11-30,"P1D","CH4_slope_umol_m2_day",21.4322830768662,8
"gcrew","c_2_amb",2024-12-01,"P1D","CH4_slope_umol_m2_day",65.7226278455574,8
"gcrew","c_2_amb",2024-12-02,"P1D","CH4_slope_umol_m2_day",13.8195403760732,8
"gcrew","c_2_amb",2024-12-03,"P1D","CH4_slope_umol_m2_day",1.43799462354925,8
"gcrew","c_2_amb",2024-12-04,"P1D","CH4_slope_umol_m2_day",-2.21771122481929,8
"gcrew","c_2_amb",2024-12-05,"P1D","CH4_slope_umol_m2_day",3.38177505330886,8
"gcrew","c_2_amb",2024-12-06,"P1D","CH4_slope_umol_m2_day",16.5996489310636,8
"gcrew","c_2_amb",2024-12-07,"P1D","CH4_slope_umol_m2_day",-4.7682170668599,8
"gcrew","c_2_amb",2024-12-08,"P1D","CH4_slope_umol_m2_day",15.6694433087564,8
"gcrew","c_2_amb",2024-12-09,"P1D","CH4_slope_umol_m2_day",-14.3359385432667,8
"gcrew","c_2_amb",2024-12-10,"P1D","CH4_slope_umol_m2_day",9.22971102044873,8
"gcrew","c_2_amb",2024-12-11,"P1D","CH4_slope_umol_m2_day",2.12721928848134,8
"gcrew","c_2_amb",2024-12-12,"P1D","CH4_slope_umol_m2_day",16.1405351088621,8
"gcrew","c_2_amb",2024-12-13,"P1D","CH4_slope_umol_m2_day",22.3733181077466,8
"gcrew","c_2_amb",2024-12-14,"P1D","CH4_slope_umol_m2_day",7.87930191096561,8
"gcrew","c_2_amb",2024-12-15,"P1D","CH4_slope_umol_m2_day",-49.0108605048813,8
"gcrew","c_2_amb",2024-12-16,"P1D","CH4_slope_umol_m2_day",14.3758466171452,8
"gcrew","c_2_amb",2024-12-17,"P1D","CH4_slope_umol_m2_day",-9.83724158153576,8
"gcrew","c_2_amb",2024-12-18,"P1D","CH4_slope_umol_m2_day",-77.8882583139716,8
"gcrew","c_2_amb",2024-12-19,"P1D","CH4_slope_umol_m2_day",-6.22965554618541,8
"gcrew","c_2_amb",2024-12-20,"P1D","CH4_slope_umol_m2_day",3.9018934850664,8
"gcrew","c_2_amb",2024-12-21,"P1D","CH4_slope_umol_m2_day",-15.4091257268957,8
"gcrew","c_2_amb",2024-12-22,"P1D","CH4_slope_umol_m2_day",42.2287019244921,8
"gcrew","c_2_amb",2024-12-23,"P1D","CH4_slope_umol_m2_day",-24.3496539626984,8
"gcrew","c_2_amb",2024-12-24,"P1D","CH4_slope_umol_m2_day",41.4652962991804,8
"gcrew","c_2_amb",2024-12-26,"P1D","CH4_slope_umol_m2_day",-20.5795265527073,5
"gcrew","c_4_e1.5",2024-10-21,"P1D","CH4_slope_umol_m2_day",251.601921126131,6
"gcrew","c_4_e1.5",2024-10-22,"P1D","CH4_slope_umol_m2_day",110.905912489613,12
"gcrew","c_4_e1.5",2024-10-23,"P1D","CH4_slope_umol_m2_day",37.4611408727654,12
"gcrew","c_4_e1.5",2024-10-24,"P1D","CH4_slope_umol_m2_day",31.0083854223608,12
"gcrew","c_4_e1.5",2024-10-25,"P1D","CH4_slope_umol_m2_day",-8.78071431553549,12
"gcrew","c_4_e1.5",2024-10-26,"P1D","CH4_slope_umol_m2_day",46.7258571099942,12
"gcrew","c_4_e1.5",2024-10-27,"P1D","CH4_slope_umol_m2_day",22.193610209628,12
"gcrew","c_4_e1.5",2024-10-28,"P1D","CH4_slope_umol_m2_day",38.6146160452097,12
"gcrew","c_4_e1.5",2024-10-29,"P1D","CH4_slope_umol_m2_day",-46.7497433009154,12
"gcrew","c_4_e1.5",2024-10-30,"P1D","CH4_slope_umol_m2_day",44.9886887460794,12
"gcrew","c_4_e1.5",2024-10-31,"P1D","CH4_slope_umol_m2_day",19.0234075083936,12
"gcrew","c_4_e1.5",2024-11-01,"P1D","CH4_slope_umol_m2_day",3.91961484690093,12
"gcrew","c_4_e1.5",2024-11-02,"P1D","CH4_slope_umol_m2_day",-80.0761311695274,12
"gcrew","c_4_e1.5",2024-11-03,"P1D","CH4_slope_umol_m2_day",-30.1434258158429,12
"gcrew","c_4_e1.5",2024-11-04,"P1D","CH4_slope_umol_m2_day",-2.93352140326869,12
"gcrew","c_4_e1.5",2024-11-05,"P1D","CH4_slope_umol_m2_day",62.6169816981579,12
"gcrew","c_4_e1.5",2024-11-06,"P1D","CH4_slope_umol_m2_day",10.8188561416309,12
"gcrew","c_4_e1.5",2024-11-07,"P1D","CH4_slope_umol_m2_day",50.2870271273974,9
"gcrew","c_4_e1.5",2024-11-08,"P1D","CH4_slope_umol_m2_day",4.31040591207217,8
"gcrew","c_4_e1.5",2024-11-09,"P1D","CH4_slope_umol_m2_day",23.9592695575065,8
"gcrew","c_4_e1.5",2024-11-10,"P1D","CH4_slope_umol_m2_day",26.1860118087762,8
"gcrew","c_4_e1.5",2024-11-11,"P1D","CH4_slope_umol_m2_day",30.3730130112691,8
"gcrew","c_4_e1.5",2024-11-12,"P1D","CH4_slope_umol_m2_day",-2.94960888435446,8
"gcrew","c_4_e1.5",2024-11-13,"P1D","CH4_slope_umol_m2_day",-12.4214622227851,8
"gcrew","c_4_e1.5",2024-11-14,"P1D","CH4_slope_umol_m2_day",27.9725382332531,8
"gcrew","c_4_e1.5",2024-11-15,"P1D","CH4_slope_umol_m2_day",91.957271323703,8
"gcrew","c_4_e1.5",2024-11-16,"P1D","CH4_slope_umol_m2_day",12.6646200358994,8
"gcrew","c_4_e1.5",2024-11-17,"P1D","CH4_slope_umol_m2_day",7.20980066970716,8
"gcrew","c_4_e1.5",2024-11-18,"P1D","CH4_slope_umol_m2_day",10.3844909305768,8
"gcrew","c_4_e1.5",2024-11-19,"P1D","CH4_slope_umol_m2_day",-7.13367362681181,6
"gcrew","c_4_e1.5",2024-11-20,"P1D","CH4_slope_umol_m2_day",8.91551512450645,8
"gcrew","c_4_e1.5",2024-11-21,"P1D","CH4_slope_umol_m2_day",53.8443851574175,4
"gcrew","c_4_e1.5",2024-11-22,"P1D","CH4_slope_umol_m2_day",26.0277231397732,8
"gcrew","c_4_e1.5",2024-11-23,"P1D","CH4_slope_umol_m2_day",-11.7833360712793,8
"gcrew","c_4_e1.5",2024-11-24,"P1D","CH4_slope_umol_m2_day",5.5211555691486,8
"gcrew","c_4_e1.5",2024-11-25,"P1D","CH4_slope_umol_m2_day",32.734159301609,8
"gcrew","c_4_e1.5",2024-11-26,"P1D","CH4_slope_umol_m2_day",40.8151696976839,8
"gcrew","c_4_e1.5",2024-11-27,"P1D","CH4_slope_umol_m2_day",16.8198994532121,8
"gcrew","c_4_e1.5",2024-11-28,"P1D","CH4_slope_umol_m2_day",48.4101608265209,7
"gcrew","c_4_e1.5",2024-11-29,"P1D","CH4_slope_umol_m2_day",-7.40255106233949,8
"gcrew","c_4_e1.5",2024-12-02,"P1D","CH4_slope_umol_m2_day",10.214598616781,8
"gcrew","c_4_e1.5",2024-12-03,"P1D","CH4_slope_umol_m2_day",25.9448699713198,8
"gcrew","c_4_e1.5",2024-12-04,"P1D","CH4_slope_umol_m2_day",12.5245594467825,8
"gcrew","c_4_e1.5",2024-12-05,"P1D","CH4_slope_umol_m2_day",2.32113908452444,8
"gcrew","c_4_e1.5",2024-12-06,"P1D","CH4_slope_umol_m2_day",17.1812403733656,8
"gcrew","c_4_e1.5",2024-12-07,"P1D","CH4_slope_umol_m2_day",-0.362381273842015,8
"gcrew","c_4_e1.5",2024-12-08,"P1D","CH4_slope_umol_m2_day",28.9205229541317,8
"gcrew","c_4_e1.5",2024-12-09,"P1D","CH4_slope_umol_m2_day",15.2752504433445,8
"gcrew","c_4_e1.5",2024-12-10,"P1D","CH4_slope_umol_m2_day",13.6253202022679,8
"gcrew","c_4_e1.5",2024-12-11,"P1D","CH4_slope_umol_m2_day",22.6738102423477,8
"gcrew","c_4_e1.5",2024-12-12,"P1D","CH4_slope_umol_m2_day",13.5662904406768,8
"gcrew","c_4_e1.5",2024-12-13,"P1D","CH4_slope_umol_m2_day",20.6047490140782,8
"gcrew","c_4_e1.5",2024-12-14,"P1D","CH4_slope_umol_m2_day",-3.42249887526076,8
"gcrew","c_4_e1.5",2024-12-15,"P1D","CH4_slope_umol_m2_day",-6.26893703485673,8
"gcrew","c_4_e1.5",2024-12-16,"P1D","CH4_slope_umol_m2_day",3.17449934747264,8
"gcrew","c_4_e1.5",2024-12-18,"P1D","CH4_slope_umol_m2_day",1.16872223241273,8
"gcrew","c_4_e1.5",2024-12-19,"P1D","CH4_slope_umol_m2_day",-7.56498925610428,8
"gcrew","c_4_e1.5",2024-12-20,"P1D","CH4_slope_umol_m2_day",9.61898029374388,8
"gcrew","c_4_e1.5",2024-12-21,"P1D","CH4_slope_umol_m2_day",8.48824666703158,8
"gcrew","c_4_e1.5",2024-12-22,"P1D","CH4_slope_umol_m2_day",-33.7308431693752,8
"gcrew","c_4_e1.5",2024-12-23,"P1D","CH4_slope_umol_m2_day",8.75898782746166,8
"gcrew","c_4_e1.5",2024-12-24,"P1D","CH4_slope_umol_m2_day",68.7221575906824,8
"gcrew","c_4_e1.5",2024-12-25,"P1D","CH4_slope_umol_m2_day",18.6105283195321,8
"gcrew","c_4_e1.5",2024-12-26,"P1D","CH4_slope_umol_m2_day",9.28866624139548,6
"gcrew","c_5_e2.25",2024-09-18,"P1D","CH4_slope_umol_m2_day",53.1196020455663,15
"gcrew","c_5_e2.25",2024-09-19,"P1D","CH4_slope_umol_m2_day",-27.5203846309622,15
"gcrew","c_5_e2.25",2024-09-20,"P1D","CH4_slope_umol_m2_day",-9.58005873969156,12
"gcrew","c_5_e2.25",2024-09-21,"P1D","CH4_slope_umol_m2_day",43.5369079566879,12
"gcrew","c_5_e2.25",2024-09-22,"P1D","CH4_slope_umol_m2_day",45.1469497359284,12
"gcrew","c_5_e2.25",2024-09-23,"P1D","CH4_slope_umol_m2_day",58.1332841514276,12
"gcrew","c_5_e2.25",2024-09-24,"P1D","CH4_slope_umol_m2_day",69.7813954490265,12
"gcrew","c_5_e2.25",2024-09-25,"P1D","CH4_slope_umol_m2_day",53.4018391056383,12
"gcrew","c_5_e2.25",2024-09-26,"P1D","CH4_slope_umol_m2_day",78.8395047105875,12
"gcrew","c_5_e2.25",2024-09-27,"P1D","CH4_slope_umol_m2_day",38.3021499806213,12
"gcrew","c_5_e2.25",2024-09-28,"P1D","CH4_slope_umol_m2_day",9.4709956249254,12
"gcrew","c_5_e2.25",2024-09-29,"P1D","CH4_slope_umol_m2_day",44.4638975941673,12
"gcrew","c_5_e2.25",2024-09-30,"P1D","CH4_slope_umol_m2_day",33.993531471618,12
"gcrew","c_5_e2.25",2024-10-01,"P1D","CH4_slope_umol_m2_day",1.51087893411441,12
"gcrew","c_5_e2.25",2024-10-02,"P1D","CH4_slope_umol_m2_day",30.5486279381503,12
"gcrew","c_5_e2.25",2024-10-03,"P1D","CH4_slope_umol_m2_day",47.7084292096896,12
"gcrew","c_5_e2.25",2024-10-04,"P1D","CH4_slope_umol_m2_day",17.1025521520928,12
"gcrew","c_5_e2.25",2024-10-05,"P1D","CH4_slope_umol_m2_day",-130.234279392196,12
"gcrew","c_5_e2.25",2024-10-06,"P1D","CH4_slope_umol_m2_day",65.7667927468371,12
"gcrew","c_5_e2.25",2024-10-07,"P1D","CH4_slope_umol_m2_day",-102.454766469206,10
"gcrew","c_5_e2.25",2024-10-08,"P1D","CH4_slope_umol_m2_day",91.0260998694954,7
"gcrew","c_5_e2.25",2024-10-09,"P1D","CH4_slope_umol_m2_day",-99.762813310638,12
"gcrew","c_5_e2.25",2024-10-10,"P1D","CH4_slope_umol_m2_day",20.2686773649857,12
"gcrew","c_5_e2.25",2024-10-11,"P1D","CH4_slope_umol_m2_day",-132.165814899391,12
"gcrew","c_5_e2.25",2024-10-12,"P1D","CH4_slope_umol_m2_day",-193.163507089792,12
"gcrew","c_5_e2.25",2024-10-13,"P1D","CH4_slope_umol_m2_day",-253.471720755006,12
"gcrew","c_5_e2.25",2024-10-14,"P1D","CH4_slope_umol_m2_day",-87.0584869848543,12
"gcrew","c_5_e2.25",2024-10-15,"P1D","CH4_slope_umol_m2_day",-586.484969770194,12
"gcrew","c_5_e2.25",2024-10-16,"P1D","CH4_slope_umol_m2_day",-436.816911577384,7
"gcrew","c_5_e2.25",2024-10-21,"P1D","CH4_slope_umol_m2_day",89.9037439631949,5
"gcrew","c_5_e2.25",2024-10-22,"P1D","CH4_slope_umol_m2_day",-0.708027769832906,12
"gcrew","c_5_e2.25",2024-10-23,"P1D","CH4_slope_umol_m2_day",22.7888218101823,12
"gcrew","c_5_e2.25",2024-10-24,"P1D","CH4_slope_umol_m2_day",31.430353472085,12
"gcrew","c_5_e2.25",2024-10-25,"P1D","CH4_slope_umol_m2_day",9.8014628072547,12
"gcrew","c_5_e2.25",2024-10-26,"P1D","CH4_slope_umol_m2_day",-46.0562986257105,12
"gcrew","c_5_e2.25",2024-10-27,"P1D","CH4_slope_umol_m2_day",-33.242497310064,12
"gcrew","c_5_e2.25",2024-10-28,"P1D","CH4_slope_umol_m2_day",-15.4552427644125,12
"gcrew","c_5_e2.25",2024-10-29,"P1D","CH4_slope_umol_m2_day",0.124002294870537,12
"gcrew","c_5_e2.25",2024-10-30,"P1D","CH4_slope_umol_m2_day",-27.4210145435091,12
"gcrew","c_5_e2.25",2024-10-31,"P1D","CH4_slope_umol_m2_day",-4.49665613031272,12
"gcrew","c_5_e2.25",2024-11-01,"P1D","CH4_slope_umol_m2_day",2.10716481993174,12
"gcrew","c_5_e2.25",2024-11-02,"P1D","CH4_slope_umol_m2_day",-63.4546388921775,12
"gcrew","c_5_e2.25",2024-11-03,"P1D","CH4_slope_umol_m2_day",3.1813773999364,12
"gcrew","c_5_e2.25",2024-11-04,"P1D","CH4_slope_umol_m2_day",3.82541659990218,12
"gcrew","c_5_e2.25",2024-11-05,"P1D","CH4_slope_umol_m2_day",22.1844200548459,12
"gcrew","c_5_e2.25",2024-11-06,"P1D","CH4_slope_umol_m2_day",-20.9349925009631,12
"gcrew","c_5_e2.25",2024-11-07,"P1D","CH4_slope_umol_m2_day",58.5929287550115,10
"gcrew","c_5_e2.25",2024-11-08,"P1D","CH4_slope_umol_m2_day",17.7716510802303,8
"gcrew","c_5_e2.25",2024-11-09,"P1D","CH4_slope_umol_m2_day",2.00318460556341,8
"gcrew","c_5_e2.25",2024-11-10,"P1D","CH4_slope_umol_m2_day",-22.7353039300807,8
"gcrew","c_5_e2.25",2024-11-11,"P1D","CH4_slope_umol_m2_day",55.5059030971947,8
"gcrew","c_5_e2.25",2024-11-12,"P1D","CH4_slope_umol_m2_day",8.33708847013763,8
"gcrew","c_5_e2.25",2024-11-13,"P1D","CH4_slope_umol_m2_day",9.6704735206797,8
"gcrew","c_5_e2.25",2024-11-14,"P1D","CH4_slope_umol_m2_day",36.3433284554308,8
"gcrew","c_5_e2.25",2024-11-15,"P1D","CH4_slope_umol_m2_day",41.1706134174558,8
"gcrew","c_5_e2.25",2024-11-16,"P1D","CH4_slope_umol_m2_day",2.36557656170693,8
"gcrew","c_5_e2.25",2024-11-17,"P1D","CH4_slope_umol_m2_day",-3.19201332302082,8
"gcrew","c_5_e2.25",2024-11-18,"P1D","CH4_slope_umol_m2_day",-21.8088060027321,8
"gcrew","c_5_e2.25",2024-11-19,"P1D","CH4_slope_umol_m2_day",-7.47796259303638,7
"gcrew","c_5_e2.25",2024-11-21,"P1D","CH4_slope_umol_m2_day",-4.54041193144009,4
"gcrew","c_5_e2.25",2024-11-22,"P1D","CH4_slope_umol_m2_day",3.79292831637038,8
"gcrew","c_5_e2.25",2024-11-23,"P1D","CH4_slope_umol_m2_day",22.7386733857592,8
"gcrew","c_5_e2.25",2024-11-24,"P1D","CH4_slope_umol_m2_day",16.2119132151615,8
"gcrew","c_5_e2.25",2024-11-25,"P1D","CH4_slope_umol_m2_day",10.4145098454533,8
"gcrew","c_5_e2.25",2024-11-26,"P1D","CH4_slope_umol_m2_day",52.5755240352136,8
"gcrew","c_5_e2.25",2024-11-27,"P1D","CH4_slope_umol_m2_day",-18.8384978312929,8
"gcrew","c_5_e2.25",2024-11-28,"P1D","CH4_slope_umol_m2_day",-18.0947403505935,8
"gcrew","c_5_e2.25",2024-11-29,"P1D","CH4_slope_umol_m2_day",-12.3193131874917,8
"gcrew","c_5_e2.25",2024-11-30,"P1D","CH4_slope_umol_m2_day",-14.4092995948385,8
"gcrew","c_5_e2.25",2024-12-01,"P1D","CH4_slope_umol_m2_day",7.19285139937495,8
"gcrew","c_5_e2.25",2024-12-03,"P1D","CH4_slope_umol_m2_day",-3.0686267417586,8
"gcrew","c_5_e2.25",2024-12-04,"P1D","CH4_slope_umol_m2_day",21.2591504083054,8
"gcrew","c_5_e2.25",2024-12-05,"P1D","CH4_slope_umol_m2_day",-6.97415077257365,8
"gcrew","c_5_e2.25",2024-12-06,"P1D","CH4_slope_umol_m2_day",18.1643141411836,8
"gcrew","c_5_e2.25",2024-12-07,"P1D","CH4_slope_umol_m2_day",-1.06225856692099,8
"gcrew","c_5_e2.25",2024-12-08,"P1D","CH4_slope_umol_m2_day",-4.27802235372261,8
"gcrew","c_5_e2.25",2024-12-09,"P1D","CH4_slope_umol_m2_day",-16.8082462258325,8
"gcrew","c_5_e2.25",2024-12-10,"P1D","CH4_slope_umol_m2_day",-23.6586213562169,8
"gcrew","c_5_e2.25",2024-12-11,"P1D","CH4_slope_umol_m2_day",3.72581480787966,8
"gcrew","c_5_e2.25",2024-12-12,"P1D","CH4_slope_umol_m2_day",-2.06830989399479,8
"gcrew","c_5_e2.25",2024-12-13,"P1D","CH4_slope_umol_m2_day",-19.3941804585669,8
"gcrew","c_5_e2.25",2024-12-14,"P1D","CH4_slope_umol_m2_day",20.9861555810577,8
"gcrew","c_5_e2.25",2024-12-15,"P1D","CH4_slope_umol_m2_day",18.6298812191879,8
"gcrew","c_5_e2.25",2024-12-16,"P1D","CH4_slope_umol_m2_day",23.6146147400302,8
"gcrew","c_5_e2.25",2024-12-17,"P1D","CH4_slope_umol_m2_day",-1.4338149753064,8
"gcrew","c_5_e2.25",2024-12-18,"P1D","CH4_slope_umol_m2_day",-19.3844189083176,8
"gcrew","c_5_e2.25",2024-12-19,"P1D","CH4_slope_umol_m2_day",20.1861121278647,8
"gcrew","c_5_e2.25",2024-12-20,"P1D","CH4_slope_umol_m2_day",12.2724433291088,8
"gcrew","c_5_e2.25",2024-12-21,"P1D","CH4_slope_umol_m2_day",13.9198542285908,8
"gcrew","c_5_e2.25",2024-12-22,"P1D","CH4_slope_umol_m2_day",-5.55751560986005,8
"gcrew","c_5_e2.25",2024-12-23,"P1D","CH4_slope_umol_m2_day",-0.749689292151708,8
"gcrew","c_5_e2.25",2024-12-25,"P1D","CH4_slope_umol_m2_day",-55.4973645095117,8
"gcrew","c_5_e2.25",2024-12-26,"P1D","CH4_slope_umol_m2_day",-75.7110957501301,6
"gcrew","c_6_e2.25",2024-09-18,"P1D","CH4_slope_umol_m2_day",130.448547571396,16
"gcrew","c_6_e2.25",2024-09-19,"P1D","CH4_slope_umol_m2_day",54.2341665015429,15
"gcrew","c_6_e2.25",2024-09-20,"P1D","CH4_slope_umol_m2_day",112.16367349043,12
"gcrew","c_6_e2.25",2024-09-21,"P1D","CH4_slope_umol_m2_day",300.427225593898,12
"gcrew","c_6_e2.25",2024-09-22,"P1D","CH4_slope_umol_m2_day",299.668192545663,12
"gcrew","c_6_e2.25",2024-09-23,"P1D","CH4_slope_umol_m2_day",234.566584406641,12
"gcrew","c_6_e2.25",2024-09-24,"P1D","CH4_slope_umol_m2_day",214.600781885315,12
"gcrew","c_6_e2.25",2024-09-25,"P1D","CH4_slope_umol_m2_day",152.195934499725,12
"gcrew","c_6_e2.25",2024-09-26,"P1D","CH4_slope_umol_m2_day",105.471275176192,12
"gcrew","c_6_e2.25",2024-09-27,"P1D","CH4_slope_umol_m2_day",38.9407986038686,12
"gcrew","c_6_e2.25",2024-09-28,"P1D","CH4_slope_umol_m2_day",157.612418229937,12
"gcrew","c_6_e2.25",2024-09-29,"P1D","CH4_slope_umol_m2_day",173.186909023339,12
"gcrew","c_6_e2.25",2024-09-30,"P1D","CH4_slope_umol_m2_day",368.108544505471,12
"gcrew","c_6_e2.25",2024-10-01,"P1D","CH4_slope_umol_m2_day",149.606063696348,12
"gcrew","c_6_e2.25",2024-10-02,"P1D","CH4_slope_umol_m2_day",201.81409305185,12
"gcrew","c_6_e2.25",2024-10-03,"P1D","CH4_slope_umol_m2_day",302.920727106678,12
"gcrew","c_6_e2.25",2024-10-04,"P1D","CH4_slope_umol_m2_day",210.981550366577,12
"gcrew","c_6_e2.25",2024-10-05,"P1D","CH4_slope_umol_m2_day",18.1355094751769,12
"gcrew","c_6_e2.25",2024-10-06,"P1D","CH4_slope_umol_m2_day",-93.9137911190923,12
"gcrew","c_6_e2.25",2024-10-07,"P1D","CH4_slope_umol_m2_day",124.409803764763,9
"gcrew","c_6_e2.25",2024-10-08,"P1D","CH4_slope_umol_m2_day",19.5710622733253,8
"gcrew","c_6_e2.25",2024-10-09,"P1D","CH4_slope_umol_m2_day",88.1906151856684,11
"gcrew","c_6_e2.25",2024-10-10,"P1D","CH4_slope_umol_m2_day",2.40005515784745,12
"gcrew","c_6_e2.25",2024-10-11,"P1D","CH4_slope_umol_m2_day",-65.4474046941906,12
"gcrew","c_6_e2.25",2024-10-12,"P1D","CH4_slope_umol_m2_day",57.2098588239694,12
"gcrew","c_6_e2.25",2024-10-13,"P1D","CH4_slope_umol_m2_day",8.21501574766158,12
"gcrew","c_6_e2.25",2024-10-14,"P1D","CH4_slope_umol_m2_day",106.86793573569,12
"gcrew","c_6_e2.25",2024-10-15,"P1D","CH4_slope_umol_m2_day",-39.0170267891622,12
"gcrew","c_6_e2.25",2024-10-16,"P1D","CH4_slope_umol_m2_day",-137.641442820635,7
"gcrew","c_6_e2.25",2024-10-21,"P1D","CH4_slope_umol_m2_day",-30.8235735155139,5
"gcrew","c_6_e2.25",2024-10-22,"P1D","CH4_slope_umol_m2_day",74.9751162698622,12
"gcrew","c_6_e2.25",2024-10-23,"P1D","CH4_slope_umol_m2_day",231.291711829541,12
"gcrew","c_6_e2.25",2024-10-24,"P1D","CH4_slope_umol_m2_day",43.0316155349163,12
"gcrew","c_6_e2.25",2024-10-25,"P1D","CH4_slope_umol_m2_day",20.1881729892675,12
"gcrew","c_6_e2.25",2024-10-26,"P1D","CH4_slope_umol_m2_day",15.5416006467118,12
"gcrew","c_6_e2.25",2024-10-27,"P1D","CH4_slope_umol_m2_day",-15.150347618884,12
"gcrew","c_6_e2.25",2024-10-28,"P1D","CH4_slope_umol_m2_day",12.7175986644005,12
"gcrew","c_6_e2.25",2024-10-29,"P1D","CH4_slope_umol_m2_day",0.646691457248655,12
"gcrew","c_6_e2.25",2024-10-30,"P1D","CH4_slope_umol_m2_day",12.2548199966236,12
"gcrew","c_6_e2.25",2024-10-31,"P1D","CH4_slope_umol_m2_day",25.867481791781,12
"gcrew","c_6_e2.25",2024-11-01,"P1D","CH4_slope_umol_m2_day",28.0168384902776,12
"gcrew","c_6_e2.25",2024-11-02,"P1D","CH4_slope_umol_m2_day",77.5723409955464,12
"gcrew","c_6_e2.25",2024-11-03,"P1D","CH4_slope_umol_m2_day",8.30810758145327,11
"gcrew","c_6_e2.25",2024-11-04,"P1D","CH4_slope_umol_m2_day",50.9791076883019,12
"gcrew","c_6_e2.25",2024-11-05,"P1D","CH4_slope_umol_m2_day",47.5415132187493,12
"gcrew","c_6_e2.25",2024-11-06,"P1D","CH4_slope_umol_m2_day",14.067260468312,12
"gcrew","c_6_e2.25",2024-11-07,"P1D","CH4_slope_umol_m2_day",9.28675954393908,9
"gcrew","c_6_e2.25",2024-11-08,"P1D","CH4_slope_umol_m2_day",10.5754988694738,8
"gcrew","c_6_e2.25",2024-11-09,"P1D","CH4_slope_umol_m2_day",24.9816016024739,8
"gcrew","c_6_e2.25",2024-11-10,"P1D","CH4_slope_umol_m2_day",12.9515583684892,8
"gcrew","c_6_e2.25",2024-11-11,"P1D","CH4_slope_umol_m2_day",41.7564983503236,8
"gcrew","c_6_e2.25",2024-11-12,"P1D","CH4_slope_umol_m2_day",26.3924068096605,8
"gcrew","c_6_e2.25",2024-11-13,"P1D","CH4_slope_umol_m2_day",16.5991328514683,8
"gcrew","c_6_e2.25",2024-11-14,"P1D","CH4_slope_umol_m2_day",53.3000829879682,8
"gcrew","c_6_e2.25",2024-11-15,"P1D","CH4_slope_umol_m2_day",47.4455958830312,8
"gcrew","c_6_e2.25",2024-11-16,"P1D","CH4_slope_umol_m2_day",16.7575935142447,8
"gcrew","c_6_e2.25",2024-11-17,"P1D","CH4_slope_umol_m2_day",11.0121370900926,8
"gcrew","c_6_e2.25",2024-11-18,"P1D","CH4_slope_umol_m2_day",6.90081964886473,8
"gcrew","c_6_e2.25",2024-11-19,"P1D","CH4_slope_umol_m2_day",90.954845134149,8
"gcrew","c_6_e2.25",2024-11-20,"P1D","CH4_slope_umol_m2_day",19.6585546459766,7
"gcrew","c_6_e2.25",2024-11-21,"P1D","CH4_slope_umol_m2_day",25.5732224296426,4
"gcrew","c_6_e2.25",2024-11-22,"P1D","CH4_slope_umol_m2_day",-1.45963383764145,8
"gcrew","c_6_e2.25",2024-11-23,"P1D","CH4_slope_umol_m2_day",15.5255738795879,8
"gcrew","c_6_e2.25",2024-11-24,"P1D","CH4_slope_umol_m2_day",13.6936095562079,8
"gcrew","c_6_e2.25",2024-11-25,"P1D","CH4_slope_umol_m2_day",73.9107756849437,8
"gcrew","c_6_e2.25",2024-11-26,"P1D","CH4_slope_umol_m2_day",4.35478720856033,8
"gcrew","c_6_e2.25",2024-11-27,"P1D","CH4_slope_umol_m2_day",13.929342661225,8
"gcrew","c_6_e2.25",2024-11-28,"P1D","CH4_slope_umol_m2_day",28.128955026096,7
"gcrew","c_6_e2.25",2024-11-29,"P1D","CH4_slope_umol_m2_day",-11.6332889422902,8
"gcrew","c_6_e2.25",2024-11-30,"P1D","CH4_slope_umol_m2_day",13.973993231365,8
"gcrew","c_6_e2.25",2024-12-01,"P1D","CH4_slope_umol_m2_day",-53.2953263316531,8
"gcrew","c_6_e2.25",2024-12-02,"P1D","CH4_slope_umol_m2_day",0.19057113371774,8
"gcrew","c_6_e2.25",2024-12-03,"P1D","CH4_slope_umol_m2_day",3.45727939138016,8
"gcrew","c_6_e2.25",2024-12-04,"P1D","CH4_slope_umol_m2_day",16.8046330738175,8
"gcrew","c_6_e2.25",2024-12-05,"P1D","CH4_slope_umol_m2_day",21.1436589205231,8
"gcrew","c_6_e2.25",2024-12-06,"P1D","CH4_slope_umol_m2_day",5.63468707185943,8
"gcrew","c_6_e2.25",2024-12-07,"P1D","CH4_slope_umol_m2_day",0.00100680893522187,8
"gcrew","c_6_e2.25",2024-12-08,"P1D","CH4_slope_umol_m2_day",4.39625352576263,8
"gcrew","c_6_e2.25",2024-12-09,"P1D","CH4_slope_umol_m2_day",-26.3667851090422,8
"gcrew","c_6_e2.25",2024-12-10,"P1D","CH4_slope_umol_m2_day",1.05886562755676,8
"gcrew","c_6_e2.25",2024-12-11,"P1D","CH4_slope_umol_m2_day",22.661800352936,8
"gcrew","c_6_e2.25",2024-12-12,"P1D","CH4_slope_umol_m2_day",13.3950869005759,8
"gcrew","c_6_e2.25",2024-12-13,"P1D","CH4_slope_umol_m2_day",15.1115583127558,8
"gcrew","c_6_e2.25",2024-12-14,"P1D","CH4_slope_umol_m2_day",13.6700606103078,8
"gcrew","c_6_e2.25",2024-12-15,"P1D","CH4_slope_umol_m2_day",14.9720067665106,8
"gcrew","c_6_e2.25",2024-12-16,"P1D","CH4_slope_umol_m2_day",-15.0258313367984,8
"gcrew","c_6_e2.25",2024-12-17,"P1D","CH4_slope_umol_m2_day",-9.67685046187008,8
"gcrew","c_6_e2.25",2024-12-18,"P1D","CH4_slope_umol_m2_day",-4.39642903828851,8
"gcrew","c_6_e2.25",2024-12-19,"P1D","CH4_slope_umol_m2_day",12.6780320150834,8
"gcrew","c_6_e2.25",2024-12-20,"P1D","CH4_slope_umol_m2_day",4.20839391892172,8
"gcrew","c_6_e2.25",2024-12-21,"P1D","CH4_slope_umol_m2_day",3.17242990793458,8
"gcrew","c_6_e2.25",2024-12-22,"P1D","CH4_slope_umol_m2_day",6.33508660022079,8
"gcrew","c_6_e2.25",2024-12-23,"P1D","CH4_slope_umol_m2_day",15.0153774789676,8
"gcrew","c_6_e2.25",2024-12-24,"P1D","CH4_slope_umol_m2_day",-1.53729385102242,8
"gcrew","c_6_e2.25",2024-12-25,"P1D","CH4_slope_umol_m2_day",1.72244047985797,8
"gcrew","c_6_e2.25",2024-12-26,"P1D","CH4_slope_umol_m2_day",-18.9416308695177,6
"gcrew","c_7_e3.0",2024-09-18,"P1D","CH4_slope_umol_m2_day",114.507849223287,16
"gcrew","c_7_e3.0",2024-09-19,"P1D","CH4_slope_umol_m2_day",76.5290267833306,15
"gcrew","c_7_e3.0",2024-09-20,"P1D","CH4_slope_umol_m2_day",91.6145952879388,12
"gcrew","c_7_e3.0",2024-09-21,"P1D","CH4_slope_umol_m2_day",216.119673841399,12
"gcrew","c_7_e3.0",2024-09-22,"P1D","CH4_slope_umol_m2_day",206.918056703985,12
"gcrew","c_7_e3.0",2024-09-23,"P1D","CH4_slope_umol_m2_day",248.462628315878,12
"gcrew","c_7_e3.0",2024-09-24,"P1D","CH4_slope_umol_m2_day",263.813779238023,12
"gcrew","c_7_e3.0",2024-09-25,"P1D","CH4_slope_umol_m2_day",194.94147512254,12
"gcrew","c_7_e3.0",2024-09-26,"P1D","CH4_slope_umol_m2_day",83.2605269439214,12
"gcrew","c_7_e3.0",2024-09-27,"P1D","CH4_slope_umol_m2_day",49.6865023477429,12
"gcrew","c_7_e3.0",2024-09-28,"P1D","CH4_slope_umol_m2_day",98.8864235870454,12
"gcrew","c_7_e3.0",2024-09-29,"P1D","CH4_slope_umol_m2_day",207.407638057473,12
"gcrew","c_7_e3.0",2024-09-30,"P1D","CH4_slope_umol_m2_day",259.133313149371,12
"gcrew","c_7_e3.0",2024-10-01,"P1D","CH4_slope_umol_m2_day",144.066514869967,12
"gcrew","c_7_e3.0",2024-10-02,"P1D","CH4_slope_umol_m2_day",133.897734815888,12
"gcrew","c_7_e3.0",2024-10-03,"P1D","CH4_slope_umol_m2_day",89.6011602162533,12
"gcrew","c_7_e3.0",2024-10-04,"P1D","CH4_slope_umol_m2_day",75.7064077501555,12
"gcrew","c_7_e3.0",2024-10-05,"P1D","CH4_slope_umol_m2_day",-273.02764767649,12
"gcrew","c_7_e3.0",2024-10-06,"P1D","CH4_slope_umol_m2_day",-18.2589518129568,12
"gcrew","c_7_e3.0",2024-10-07,"P1D","CH4_slope_umol_m2_day",7.52703735881227,8
"gcrew","c_7_e3.0",2024-10-08,"P1D","CH4_slope_umol_m2_day",122.08361615694,8
"gcrew","c_7_e3.0",2024-10-09,"P1D","CH4_slope_umol_m2_day",23.8160185332142,12
"gcrew","c_7_e3.0",2024-10-10,"P1D","CH4_slope_umol_m2_day",-13.0818401757508,12
"gcrew","c_7_e3.0",2024-10-11,"P1D","CH4_slope_umol_m2_day",-46.797960837688,12
"gcrew","c_7_e3.0",2024-10-12,"P1D","CH4_slope_umol_m2_day",68.7354226062709,12
"gcrew","c_7_e3.0",2024-10-13,"P1D","CH4_slope_umol_m2_day",-37.695469929286,12
"gcrew","c_7_e3.0",2024-10-14,"P1D","CH4_slope_umol_m2_day",174.051826430362,12
"gcrew","c_7_e3.0",2024-10-15,"P1D","CH4_slope_umol_m2_day",-122.818913325552,12
"gcrew","c_7_e3.0",2024-10-16,"P1D","CH4_slope_umol_m2_day",-179.120230285827,7
"gcrew","c_7_e3.0",2024-10-21,"P1D","CH4_slope_umol_m2_day",36.9752455813622,5
"gcrew","c_7_e3.0",2024-10-22,"P1D","CH4_slope_umol_m2_day",64.5012323626214,12
"gcrew","c_7_e3.0",2024-10-23,"P1D","CH4_slope_umol_m2_day",46.4768536390932,12
"gcrew","c_7_e3.0",2024-10-24,"P1D","CH4_slope_umol_m2_day",63.1230925001717,12
"gcrew","c_7_e3.0",2024-10-25,"P1D","CH4_slope_umol_m2_day",4.59482434191584,12
"gcrew","c_7_e3.0",2024-10-26,"P1D","CH4_slope_umol_m2_day",44.784655927632,12
"gcrew","c_7_e3.0",2024-10-27,"P1D","CH4_slope_umol_m2_day",69.0419737223985,12
"gcrew","c_7_e3.0",2024-10-28,"P1D","CH4_slope_umol_m2_day",58.2281682826778,12
"gcrew","c_7_e3.0",2024-10-29,"P1D","CH4_slope_umol_m2_day",63.2000734508344,12
"gcrew","c_7_e3.0",2024-10-30,"P1D","CH4_slope_umol_m2_day",29.950328239701,12
"gcrew","c_7_e3.0",2024-10-31,"P1D","CH4_slope_umol_m2_day",20.218743386085,12
"gcrew","c_7_e3.0",2024-11-01,"P1D","CH4_slope_umol_m2_day",56.1933624889756,12
"gcrew","c_7_e3.0",2024-11-02,"P1D","CH4_slope_umol_m2_day",13.1990418140538,12
"gcrew","c_7_e3.0",2024-11-03,"P1D","CH4_slope_umol_m2_day",62.729845261938,12
"gcrew","c_7_e3.0",2024-11-04,"P1D","CH4_slope_umol_m2_day",14.8830451448406,12
"gcrew","c_7_e3.0",2024-11-05,"P1D","CH4_slope_umol_m2_day",4.09453337010724,12
"gcrew","c_7_e3.0",2024-11-06,"P1D","CH4_slope_umol_m2_day",29.4008331773755,12
"gcrew","c_7_e3.0",2024-11-07,"P1D","CH4_slope_umol_m2_day",26.8421855134738,8
"gcrew","c_7_e3.0",2024-11-08,"P1D","CH4_slope_umol_m2_day",31.8563439406609,8
"gcrew","c_7_e3.0",2024-11-09,"P1D","CH4_slope_umol_m2_day",20.1785048363179,8
"gcrew","c_7_e3.0",2024-11-10,"P1D","CH4_slope_umol_m2_day",7.61828755812992,8
"gcrew","c_7_e3.0",2024-11-11,"P1D","CH4_slope_umol_m2_day",59.92145870326,8
"gcrew","c_7_e3.0",2024-11-12,"P1D","CH4_slope_umol_m2_day",0.749064712211481,8
"gcrew","c_7_e3.0",2024-11-13,"P1D","CH4_slope_umol_m2_day",-0.299107257516403,8
"gcrew","c_7_e3.0",2024-11-14,"P1D","CH4_slope_umol_m2_day",48.609246880033,8
"gcrew","c_7_e3.0",2024-11-15,"P1D","CH4_slope_umol_m2_day",59.9396251733788,8
"gcrew","c_7_e3.0",2024-11-16,"P1D","CH4_slope_umol_m2_day",40.4770657401102,8
"gcrew","c_7_e3.0",2024-11-17,"P1D","CH4_slope_umol_m2_day",37.5488769367787,8
"gcrew","c_7_e3.0",2024-11-18,"P1D","CH4_slope_umol_m2_day",-35.3030446128444,8
"gcrew","c_7_e3.0",2024-11-19,"P1D","CH4_slope_umol_m2_day",31.1436023974069,8
"gcrew","c_7_e3.0",2024-11-20,"P1D","CH4_slope_umol_m2_day",27.4190121021496,7
"gcrew","c_7_e3.0",2024-11-21,"P1D","CH4_slope_umol_m2_day",43.7286486728792,3
"gcrew","c_7_e3.0",2024-11-22,"P1D","CH4_slope_umol_m2_day",26.9939492008343,8
"gcrew","c_7_e3.0",2024-11-23,"P1D","CH4_slope_umol_m2_day",22.9970036827022,8
"gcrew","c_7_e3.0",2024-11-24,"P1D","CH4_slope_umol_m2_day",26.1056083963528,8
"gcrew","c_7_e3.0",2024-11-25,"P1D","CH4_slope_umol_m2_day",73.1028306348867,8
"gcrew","c_7_e3.0",2024-11-26,"P1D","CH4_slope_umol_m2_day",24.4625802898396,8
"gcrew","c_7_e3.0",2024-11-27,"P1D","CH4_slope_umol_m2_day",11.5532778554046,8
"gcrew","c_7_e3.0",2024-11-28,"P1D","CH4_slope_umol_m2_day",37.3771670287115,8
"gcrew","c_7_e3.0",2024-11-29,"P1D","CH4_slope_umol_m2_day",23.5275003499065,8
"gcrew","c_7_e3.0",2024-11-30,"P1D","CH4_slope_umol_m2_day",18.4616368233111,8
"gcrew","c_7_e3.0",2024-12-01,"P1D","CH4_slope_umol_m2_day",28.0465728548335,8
"gcrew","c_7_e3.0",2024-12-02,"P1D","CH4_slope_umol_m2_day",14.7098412279321,8
"gcrew","c_7_e3.0",2024-12-03,"P1D","CH4_slope_umol_m2_day",11.0381158659535,8
"gcrew","c_7_e3.0",2024-12-04,"P1D","CH4_slope_umol_m2_day",-9.92283067771982,8
"gcrew","c_7_e3.0",2024-12-05,"P1D","CH4_slope_umol_m2_day",9.00819424384087,8
"gcrew","c_7_e3.0",2024-12-06,"P1D","CH4_slope_umol_m2_day",-0.271222881862513,8
"gcrew","c_7_e3.0",2024-12-07,"P1D","CH4_slope_umol_m2_day",20.9933664632346,8
"gcrew","c_7_e3.0",2024-12-08,"P1D","CH4_slope_umol_m2_day",9.07567984538308,8
"gcrew","c_7_e3.0",2024-12-09,"P1D","CH4_slope_umol_m2_day",69.3655252463293,8
"gcrew","c_7_e3.0",2024-12-10,"P1D","CH4_slope_umol_m2_day",10.4070770200819,8
"gcrew","c_7_e3.0",2024-12-11,"P1D","CH4_slope_umol_m2_day",29.0350114543623,8
"gcrew","c_7_e3.0",2024-12-12,"P1D","CH4_slope_umol_m2_day",26.1974406095461,8
"gcrew","c_7_e3.0",2024-12-14,"P1D","CH4_slope_umol_m2_day",-1.65920052528405,8
"gcrew","c_7_e3.0",2024-12-15,"P1D","CH4_slope_umol_m2_day",-9.64400565464819,8
"gcrew","c_7_e3.0",2024-12-16,"P1D","CH4_slope_umol_m2_day",6.87842096126392,8
"gcrew","c_7_e3.0",2024-12-17,"P1D","CH4_slope_umol_m2_day",9.52081569088632,8
"gcrew","c_7_e3.0",2024-12-18,"P1D","CH4_slope_umol_m2_day",17.9449882331292,8
"gcrew","c_7_e3.0",2024-12-19,"P1D","CH4_slope_umol_m2_day",-26.9693415372073,8
"gcrew","c_7_e3.0",2024-12-20,"P1D","CH4_slope_umol_m2_day",-5.3496703621314,8
"gcrew","c_7_e3.0",2024-12-21,"P1D","CH4_slope_umol_m2_day",7.71168800047763,8
"gcrew","c_7_e3.0",2024-12-22,"P1D","CH4_slope_umol_m2_day",9.53955009944572,8
"gcrew","c_7_e3.0",2024-12-23,"P1D","CH4_slope_umol_m2_day",6.33470617639205,8
"gcrew","c_7_e3.0",2024-12-24,"P1D","CH4_slope_umol_m2_day",-8.97536448840633,8
"gcrew","c_7_e3.0",2024-12-26,"P1D","CH4_slope_umol_m2_day",27.3074938092567,6
"gcrew","c_8_e3.75",2024-09-18,"P1D","CH4_slope_umol_m2_day",30.3118465264483,17
"gcrew","c_8_e3.75",2024-09-19,"P1D","CH4_slope_umol_m2_day",-29.0063535115624,14
"gcrew","c_8_e3.75",2024-09-20,"P1D","CH4_slope_umol_m2_day",64.8293158320008,12
"gcrew","c_8_e3.75",2024-09-21,"P1D","CH4_slope_umol_m2_day",32.8324010980224,12
"gcrew","c_8_e3.75",2024-09-22,"P1D","CH4_slope_umol_m2_day",45.8850286976704,12
"gcrew","c_8_e3.75",2024-09-23,"P1D","CH4_slope_umol_m2_day",65.6200647793548,12
"gcrew","c_8_e3.75",2024-09-24,"P1D","CH4_slope_umol_m2_day",57.2863941589066,12
"gcrew","c_8_e3.75",2024-09-25,"P1D","CH4_slope_umol_m2_day",59.0428059893328,12
"gcrew","c_8_e3.75",2024-09-26,"P1D","CH4_slope_umol_m2_day",123.037364871065,12
"gcrew","c_8_e3.75",2024-09-27,"P1D","CH4_slope_umol_m2_day",80.9491049217051,12
"gcrew","c_8_e3.75",2024-09-28,"P1D","CH4_slope_umol_m2_day",69.4951314161513,12
"gcrew","c_8_e3.75",2024-09-29,"P1D","CH4_slope_umol_m2_day",91.5545104545959,12
"gcrew","c_8_e3.75",2024-09-30,"P1D","CH4_slope_umol_m2_day",84.5606683711684,12
"gcrew","c_8_e3.75",2024-10-01,"P1D","CH4_slope_umol_m2_day",81.5282934628212,12
"gcrew","c_8_e3.75",2024-10-02,"P1D","CH4_slope_umol_m2_day",32.0273247738471,12
"gcrew","c_8_e3.75",2024-10-03,"P1D","CH4_slope_umol_m2_day",101.512096139707,12
"gcrew","c_8_e3.75",2024-10-04,"P1D","CH4_slope_umol_m2_day",63.1424316676941,12
"gcrew","c_8_e3.75",2024-10-05,"P1D","CH4_slope_umol_m2_day",273.771230739967,12
"gcrew","c_8_e3.75",2024-10-06,"P1D","CH4_slope_umol_m2_day",49.7648749558852,12
"gcrew","c_8_e3.75",2024-10-07,"P1D","CH4_slope_umol_m2_day",131.202033009874,10
"gcrew","c_8_e3.75",2024-10-08,"P1D","CH4_slope_umol_m2_day",70.2511078544326,7
"gcrew","c_8_e3.75",2024-10-09,"P1D","CH4_slope_umol_m2_day",126.628928626929,12
"gcrew","c_8_e3.75",2024-10-10,"P1D","CH4_slope_umol_m2_day",-30.4968341701964,12
"gcrew","c_8_e3.75",2024-10-11,"P1D","CH4_slope_umol_m2_day",-69.2861529717294,12
"gcrew","c_8_e3.75",2024-10-12,"P1D","CH4_slope_umol_m2_day",-54.9521383037998,12
"gcrew","c_8_e3.75",2024-10-13,"P1D","CH4_slope_umol_m2_day",53.4779129939391,12
"gcrew","c_8_e3.75",2024-10-14,"P1D","CH4_slope_umol_m2_day",30.076909569248,12
"gcrew","c_8_e3.75",2024-10-15,"P1D","CH4_slope_umol_m2_day",-101.117232142767,12
"gcrew","c_8_e3.75",2024-10-16,"P1D","CH4_slope_umol_m2_day",-152.986657657683,7
"gcrew","c_8_e3.75",2024-10-21,"P1D","CH4_slope_umol_m2_day",131.479642163405,6
"gcrew","c_8_e3.75",2024-10-22,"P1D","CH4_slope_umol_m2_day",72.2259515919462,12
"gcrew","c_8_e3.75",2024-10-23,"P1D","CH4_slope_umol_m2_day",157.267136670246,12
"gcrew","c_8_e3.75",2024-10-24,"P1D","CH4_slope_umol_m2_day",-3.09136370742615,12
"gcrew","c_8_e3.75",2024-10-25,"P1D","CH4_slope_umol_m2_day",-17.6452780465853,12
"gcrew","c_8_e3.75",2024-10-26,"P1D","CH4_slope_umol_m2_day",1.10232502206862,12
"gcrew","c_8_e3.75",2024-10-27,"P1D","CH4_slope_umol_m2_day",31.9488337402588,12
"gcrew","c_8_e3.75",2024-10-28,"P1D","CH4_slope_umol_m2_day",24.5783064964858,12
"gcrew","c_8_e3.75",2024-10-29,"P1D","CH4_slope_umol_m2_day",31.6402086863326,12
"gcrew","c_8_e3.75",2024-10-30,"P1D","CH4_slope_umol_m2_day",31.8000325953255,12
"gcrew","c_8_e3.75",2024-10-31,"P1D","CH4_slope_umol_m2_day",34.8868446921067,12
"gcrew","c_8_e3.75",2024-11-01,"P1D","CH4_slope_umol_m2_day",41.0785833146212,12
"gcrew","c_8_e3.75",2024-11-02,"P1D","CH4_slope_umol_m2_day",32.0368563017443,12
"gcrew","c_8_e3.75",2024-11-03,"P1D","CH4_slope_umol_m2_day",37.7350615834501,12
"gcrew","c_8_e3.75",2024-11-04,"P1D","CH4_slope_umol_m2_day",17.8666593931134,12
"gcrew","c_8_e3.75",2024-11-05,"P1D","CH4_slope_umol_m2_day",5.26798194372147,12
"gcrew","c_8_e3.75",2024-11-06,"P1D","CH4_slope_umol_m2_day",40.2193921460874,12
"gcrew","c_8_e3.75",2024-11-07,"P1D","CH4_slope_umol_m2_day",6.97348847744299,10
"gcrew","c_8_e3.75",2024-11-08,"P1D","CH4_slope_umol_m2_day",32.0134775708696,8
"gcrew","c_8_e3.75",2024-11-09,"P1D","CH4_slope_umol_m2_day",36.9242703849592,8
"gcrew","c_8_e3.75",2024-11-10,"P1D","CH4_slope_umol_m2_day",34.2605070904261,8
"gcrew","c_8_e3.75",2024-11-11,"P1D","CH4_slope_umol_m2_day",30.9693877337956,8
"gcrew","c_8_e3.75",2024-11-12,"P1D","CH4_slope_umol_m2_day",19.4499169486775,8
"gcrew","c_8_e3.75",2024-11-13,"P1D","CH4_slope_umol_m2_day",11.3267779490558,8
"gcrew","c_8_e3.75",2024-11-14,"P1D","CH4_slope_umol_m2_day",12.1755605507095,8
"gcrew","c_8_e3.75",2024-11-15,"P1D","CH4_slope_umol_m2_day",34.1826773265487,8
"gcrew","c_8_e3.75",2024-11-16,"P1D","CH4_slope_umol_m2_day",6.96933590715367,8
"gcrew","c_8_e3.75",2024-11-17,"P1D","CH4_slope_umol_m2_day",6.26387504730911,8
"gcrew","c_8_e3.75",2024-11-18,"P1D","CH4_slope_umol_m2_day",-69.6292949008173,8
"gcrew","c_8_e3.75",2024-11-19,"P1D","CH4_slope_umol_m2_day",26.3875322651357,7
"gcrew","c_8_e3.75",2024-11-20,"P1D","CH4_slope_umol_m2_day",1.88442316216998,8
"gcrew","c_8_e3.75",2024-11-21,"P1D","CH4_slope_umol_m2_day",18.5579000346757,4
"gcrew","c_8_e3.75",2024-11-22,"P1D","CH4_slope_umol_m2_day",13.0256023014708,8
"gcrew","c_8_e3.75",2024-11-23,"P1D","CH4_slope_umol_m2_day",33.5155340457587,8
"gcrew","c_8_e3.75",2024-11-24,"P1D","CH4_slope_umol_m2_day",23.7453531582258,8
"gcrew","c_8_e3.75",2024-11-25,"P1D","CH4_slope_umol_m2_day",66.6472918315465,8
"gcrew","c_8_e3.75",2024-11-26,"P1D","CH4_slope_umol_m2_day",10.9403582144644,8
"gcrew","c_8_e3.75",2024-11-27,"P1D","CH4_slope_umol_m2_day",27.7525304390379,8
"gcrew","c_8_e3.75",2024-11-28,"P1D","CH4_slope_umol_m2_day",47.7900560806231,8
"gcrew","c_8_e3.75",2024-11-29,"P1D","CH4_slope_umol_m2_day",11.4851798426004,8
"gcrew","c_8_e3.75",2024-11-30,"P1D","CH4_slope_umol_m2_day",42.5629869475358,8
"gcrew","c_8_e3.75",2024-12-01,"P1D","CH4_slope_umol_m2_day",55.7388026351446,8
"gcrew","c_8_e3.75",2024-12-02,"P1D","CH4_slope_umol_m2_day",14.9173169177219,8
"gcrew","c_8_e3.75",2024-12-03,"P1D","CH4_slope_umol_m2_day",22.5569986510311,8
"gcrew","c_8_e3.75",2024-12-04,"P1D","CH4_slope_umol_m2_day",35.4023365343074,8
"gcrew","c_8_e3.75",2024-12-05,"P1D","CH4_slope_umol_m2_day",24.202391141022,8
"gcrew","c_8_e3.75",2024-12-06,"P1D","CH4_slope_umol_m2_day",19.2743639264914,8
"gcrew","c_8_e3.75",2024-12-07,"P1D","CH4_slope_umol_m2_day",30.9299181992715,8
"gcrew","c_8_e3.75",2024-12-08,"P1D","CH4_slope_umol_m2_day",28.5249476321715,8
"gcrew","c_8_e3.75",2024-12-09,"P1D","CH4_slope_umol_m2_day",-1.71405570371162,8
"gcrew","c_8_e3.75",2024-12-10,"P1D","CH4_slope_umol_m2_day",111.41731136016,8
"gcrew","c_8_e3.75",2024-12-11,"P1D","CH4_slope_umol_m2_day",22.1670451433403,8
"gcrew","c_8_e3.75",2024-12-12,"P1D","CH4_slope_umol_m2_day",12.3353988810564,8
"gcrew","c_8_e3.75",2024-12-13,"P1D","CH4_slope_umol_m2_day",6.93952373346479,8
"gcrew","c_8_e3.75",2024-12-14,"P1D","CH4_slope_umol_m2_day",3.47615821315678,8
"gcrew","c_8_e3.75",2024-12-15,"P1D","CH4_slope_umol_m2_day",-2.68196568742721,8
"gcrew","c_8_e3.75",2024-12-16,"P1D","CH4_slope_umol_m2_day",21.3477685137539,8
"gcrew","c_8_e3.75",2024-12-17,"P1D","CH4_slope_umol_m2_day",-17.594624383056,8
"gcrew","c_8_e3.75",2024-12-18,"P1D","CH4_slope_umol_m2_day",82.1613327698346,8
"gcrew","c_8_e3.75",2024-12-19,"P1D","CH4_slope_umol_m2_day",20.2252403862109,8
"gcrew","c_8_e3.75",2024-12-20,"P1D","CH4_slope_umol_m2_day",-2.89386102184523,8
"gcrew","c_8_e3.75",2024-12-21,"P1D","CH4_slope_umol_m2_day",-1.51040043162324,8
"gcrew","c_8_e3.75",2024-12-22,"P1D","CH4_slope_umol_m2_day",5.54933729077574,8
"gcrew","c_8_e3.75",2024-12-23,"P1D","CH4_slope_umol_m2_day",1.23783628094587,8
"gcrew","c_8_e3.75",2024-12-24,"P1D","CH4_slope_umol_m2_day",85.2482860099765,8
"gcrew","c_8_e3.75",2024-12-25,"P1D","CH4_slope_umol_m2_day",9.18845681785628,8
"gcrew","c_9_e3.75",2024-09-18,"P1D","CH4_slope_umol_m2_day",148.883478907914,15
"gcrew","c_9_e3.75",2024-09-19,"P1D","CH4_slope_umol_m2_day",140.726894984538,15
"gcrew","c_9_e3.75",2024-09-20,"P1D","CH4_slope_umol_m2_day",142.184856894023,12
"gcrew","c_9_e3.75",2024-09-21,"P1D","CH4_slope_umol_m2_day",141.038775426078,12
"gcrew","c_9_e3.75",2024-09-22,"P1D","CH4_slope_umol_m2_day",103.296212151457,12
"gcrew","c_9_e3.75",2024-09-23,"P1D","CH4_slope_umol_m2_day",131.217483721182,12
"gcrew","c_9_e3.75",2024-09-24,"P1D","CH4_slope_umol_m2_day",124.021490627588,12
"gcrew","c_9_e3.75",2024-09-25,"P1D","CH4_slope_umol_m2_day",104.63011912605,12
"gcrew","c_9_e3.75",2024-09-26,"P1D","CH4_slope_umol_m2_day",141.823054543911,12
"gcrew","c_9_e3.75",2024-09-27,"P1D","CH4_slope_umol_m2_day",105.040636312039,12
"gcrew","c_9_e3.75",2024-09-28,"P1D","CH4_slope_umol_m2_day",143.548688693898,12
"gcrew","c_9_e3.75",2024-09-29,"P1D","CH4_slope_umol_m2_day",114.452577208586,12
"gcrew","c_9_e3.75",2024-09-30,"P1D","CH4_slope_umol_m2_day",124.886786986204,12
"gcrew","c_9_e3.75",2024-10-01,"P1D","CH4_slope_umol_m2_day",58.2009289319288,12
"gcrew","c_9_e3.75",2024-10-02,"P1D","CH4_slope_umol_m2_day",75.404685620414,12
"gcrew","c_9_e3.75",2024-10-03,"P1D","CH4_slope_umol_m2_day",97.5853697691421,12
"gcrew","c_9_e3.75",2024-10-04,"P1D","CH4_slope_umol_m2_day",158.582193004309,12
"gcrew","c_9_e3.75",2024-10-05,"P1D","CH4_slope_umol_m2_day",227.034828720193,12
"gcrew","c_9_e3.75",2024-10-06,"P1D","CH4_slope_umol_m2_day",220.271117261196,12
"gcrew","c_9_e3.75",2024-10-07,"P1D","CH4_slope_umol_m2_day",101.480176502067,10
"gcrew","c_9_e3.75",2024-10-08,"P1D","CH4_slope_umol_m2_day",152.479822323106,7
"gcrew","c_9_e3.75",2024-10-09,"P1D","CH4_slope_umol_m2_day",66.3538005293543,12
"gcrew","c_9_e3.75",2024-10-10,"P1D","CH4_slope_umol_m2_day",95.8855601284416,12
"gcrew","c_9_e3.75",2024-10-11,"P1D","CH4_slope_umol_m2_day",47.7132966497468,12
"gcrew","c_9_e3.75",2024-10-12,"P1D","CH4_slope_umol_m2_day",235.374405345121,12
"gcrew","c_9_e3.75",2024-10-13,"P1D","CH4_slope_umol_m2_day",14.4534506544047,12
"gcrew","c_9_e3.75",2024-10-14,"P1D","CH4_slope_umol_m2_day",49.0532116427164,12
"gcrew","c_9_e3.75",2024-10-15,"P1D","CH4_slope_umol_m2_day",50.1547765792956,12
"gcrew","c_9_e3.75",2024-10-16,"P1D","CH4_slope_umol_m2_day",27.593182041887,7
