datetime,variable,site_id,model_id,prediction
2021-04-14,AirTemp_C_mean,gcrew,noaa_gefs,11.179999651227702
2021-04-14,RH_percent_mean,gcrew,noaa_gefs,87.60349600655692
2021-04-14,Rain_mm_sum,gcrew,noaa_gefs,5.750000238418579
2021-04-14,ShortwaveRadiation_Wm2,gcrew,noaa_gefs,27.428571428571427
2021-04-14,WindSpeed_ms_mean,gcrew,noaa_gefs,3.333705799415661
2021-04-15,AirTemp_C_mean,gcrew,noaa_gefs,12.483074079241094
2021-04-15,RH_percent_mean,gcrew,noaa_gefs,78.31587818690709
2021-04-15,Rain_mm_sum,gcrew,noaa_gefs,8.059999957680702
2021-04-15,ShortwaveRadiation_Wm2,gcrew,noaa_gefs,213.85714285714283
2021-04-15,WindSpeed_ms_mean,gcrew,noaa_gefs,4.593515991277125
2021-04-16,AirTemp_C_mean,gcrew,noaa_gefs,9.038650948660736
2021-04-16,RH_percent_mean,gcrew,noaa_gefs,61.91117477416992
2021-04-16,Rain_mm_sum,gcrew,noaa_gefs,0
2021-04-16,ShortwaveRadiation_Wm2,gcrew,noaa_gefs,212.42857142857144
2021-04-16,WindSpeed_ms_mean,gcrew,noaa_gefs,7.546120053663846
2021-04-17,AirTemp_C_mean,gcrew,noaa_gefs,9.96421857561386
2021-04-17,RH_percent_mean,gcrew,noaa_gefs,63.05430930001395
2021-04-17,Rain_mm_sum,gcrew,noaa_gefs,0.1300000008195639
2021-04-17,ShortwaveRadiation_Wm2,gcrew,noaa_gefs,127.71428571428572
2021-04-17,WindSpeed_ms_mean,gcrew,noaa_gefs,5.384062865597312
2021-04-18,AirTemp_C_mean,gcrew,noaa_gefs,11.377156284877255
2021-04-18,RH_percent_mean,gcrew,noaa_gefs,61.735457284109934
2021-04-18,Rain_mm_sum,gcrew,noaa_gefs,0
2021-04-18,ShortwaveRadiation_Wm2,gcrew,noaa_gefs,292.57142857142856
2021-04-18,WindSpeed_ms_mean,gcrew,noaa_gefs,2.101773951961338
2021-04-19,AirTemp_C_mean,gcrew,noaa_gefs,12.25676443917413
2021-04-19,RH_percent_mean,gcrew,noaa_gefs,75.90833445957729
2021-04-19,Rain_mm_sum,gcrew,noaa_gefs,1.0000000223517418
2021-04-19,ShortwaveRadiation_Wm2,gcrew,noaa_gefs,164.14285714285717
2021-04-19,WindSpeed_ms_mean,gcrew,noaa_gefs,2.221825719631131
2021-04-20,AirTemp_C_mean,gcrew,noaa_gefs,13.616457693917434
2021-04-20,RH_percent_mean,gcrew,noaa_gefs,66.3989862714495
2021-04-20,Rain_mm_sum,gcrew,noaa_gefs,0
2021-04-20,ShortwaveRadiation_Wm2,gcrew,noaa_gefs,296.2857142857143
2021-04-20,WindSpeed_ms_mean,gcrew,noaa_gefs,3.56864416616901
2021-04-21,AirTemp_C_mean,gcrew,noaa_gefs,13.66763567243306
2021-04-21,RH_percent_mean,gcrew,noaa_gefs,65.31537192208427
2021-04-21,Rain_mm_sum,gcrew,noaa_gefs,2.500000052154064
2021-04-21,ShortwaveRadiation_Wm2,gcrew,noaa_gefs,253.14285714285717
2021-04-21,WindSpeed_ms_mean,gcrew,noaa_gefs,7.97315299152128
2021-04-22,AirTemp_C_mean,gcrew,noaa_gefs,6.8647051130022545
2021-04-22,RH_percent_mean,gcrew,noaa_gefs,47.483328683035715
2021-04-22,Rain_mm_sum,gcrew,noaa_gefs,0
2021-04-22,ShortwaveRadiation_Wm2,gcrew,noaa_gefs,255.7142857142857
2021-04-22,WindSpeed_ms_mean,gcrew,noaa_gefs,7.907779872591019
2021-04-23,AirTemp_C_mean,gcrew,noaa_gefs,8.841394042968773
2021-04-23,RH_percent_mean,gcrew,noaa_gefs,47.54581778390067
2021-04-23,Rain_mm_sum,gcrew,noaa_gefs,0
2021-04-23,ShortwaveRadiation_Wm2,gcrew,noaa_gefs,273.7142857142857
2021-04-23,WindSpeed_ms_mean,gcrew,noaa_gefs,5.20795932756688
2021-04-24,AirTemp_C_mean,gcrew,noaa_gefs,11.541794259207611
2021-04-24,RH_percent_mean,gcrew,noaa_gefs,55.63165010724749
2021-04-24,Rain_mm_sum,gcrew,noaa_gefs,0
2021-04-24,ShortwaveRadiation_Wm2,gcrew,noaa_gefs,233.2857142857143
2021-04-24,WindSpeed_ms_mean,gcrew,noaa_gefs,2.469150539267095
2021-04-25,AirTemp_C_mean,gcrew,noaa_gefs,12.531457519531273
2021-04-25,RH_percent_mean,gcrew,noaa_gefs,81.67490604945591
2021-04-25,Rain_mm_sum,gcrew,noaa_gefs,48.33000007458031
2021-04-25,ShortwaveRadiation_Wm2,gcrew,noaa_gefs,233.14285714285717
2021-04-25,WindSpeed_ms_mean,gcrew,noaa_gefs,5.567020354907036
2021-04-26,AirTemp_C_mean,gcrew,noaa_gefs,11.031928362165202
2021-04-26,RH_percent_mean,gcrew,noaa_gefs,54.738554273332866
2021-04-26,Rain_mm_sum,gcrew,noaa_gefs,0
2021-04-26,ShortwaveRadiation_Wm2,gcrew,noaa_gefs,308.14285714285717
2021-04-26,WindSpeed_ms_mean,gcrew,noaa_gefs,5.622817030012687
2021-04-27,AirTemp_C_mean,gcrew,noaa_gefs,15.219620186941986
2021-04-27,RH_percent_mean,gcrew,noaa_gefs,61.25448717389788
2021-04-27,Rain_mm_sum,gcrew,noaa_gefs,0
2021-04-27,ShortwaveRadiation_Wm2,gcrew,noaa_gefs,289.2857142857143
2021-04-27,WindSpeed_ms_mean,gcrew,noaa_gefs,3.095488083719978
2021-04-28,AirTemp_C_mean,gcrew,noaa_gefs,21.19448678152904
2021-04-28,RH_percent_mean,gcrew,noaa_gefs,65.35915320260185
2021-04-28,Rain_mm_sum,gcrew,noaa_gefs,0
2021-04-28,ShortwaveRadiation_Wm2,gcrew,noaa_gefs,239.2857142857143
2021-04-28,WindSpeed_ms_mean,gcrew,noaa_gefs,5.619026145489694
2021-04-29,AirTemp_C_mean,gcrew,noaa_gefs,20.1032653808594
2021-04-29,RH_percent_mean,gcrew,noaa_gefs,78.97557122366769
2021-04-29,Rain_mm_sum,gcrew,noaa_gefs,1.9899999797344208
2021-04-29,ShortwaveRadiation_Wm2,gcrew,noaa_gefs,183
2021-04-29,WindSpeed_ms_mean,gcrew,noaa_gefs,4.748735755733481
2021-04-30,AirTemp_C_mean,gcrew,noaa_gefs,16.886721365792432
2021-04-30,RH_percent_mean,gcrew,noaa_gefs,61.50701522827149
2021-04-30,Rain_mm_sum,gcrew,noaa_gefs,9.400000095367432
2021-04-30,ShortwaveRadiation_Wm2,gcrew,noaa_gefs,266.7142857142857
2021-04-30,WindSpeed_ms_mean,gcrew,noaa_gefs,8.554528142095537
2021-05-01,AirTemp_C_mean,gcrew,noaa_gefs,11.468364606584844
2021-05-01,RH_percent_mean,gcrew,noaa_gefs,45.16336332048689
2021-05-01,Rain_mm_sum,gcrew,noaa_gefs,0.02999999932944774
2021-05-01,ShortwaveRadiation_Wm2,gcrew,noaa_gefs,320.57142857142856
2021-05-01,WindSpeed_ms_mean,gcrew,noaa_gefs,8.203518930398994
2021-05-02,AirTemp_C_mean,gcrew,noaa_gefs,16.897664097377255
2021-05-02,RH_percent_mean,gcrew,noaa_gefs,50.804234095982146
2021-05-02,Rain_mm_sum,gcrew,noaa_gefs,0
2021-05-02,ShortwaveRadiation_Wm2,gcrew,noaa_gefs,274.42857142857144
2021-05-02,WindSpeed_ms_mean,gcrew,noaa_gefs,5.296231047773437
2021-05-03,AirTemp_C_mean,gcrew,noaa_gefs,17.228596714564755
2021-05-03,RH_percent_mean,gcrew,noaa_gefs,79.51180376325335
2021-05-03,Rain_mm_sum,gcrew,noaa_gefs,7.309999898076057
2021-05-03,ShortwaveRadiation_Wm2,gcrew,noaa_gefs,29.571428571428573
2021-05-03,WindSpeed_ms_mean,gcrew,noaa_gefs,4.5360848796853075
2021-05-04,AirTemp_C_mean,gcrew,noaa_gefs,19.97529645647324
2021-05-04,RH_percent_mean,gcrew,noaa_gefs,78.27743966238839
2021-05-04,Rain_mm_sum,gcrew,noaa_gefs,4.1100000236183405
2021-05-04,ShortwaveRadiation_Wm2,gcrew,noaa_gefs,282.2857142857143
2021-05-04,WindSpeed_ms_mean,gcrew,noaa_gefs,5.12500611839045
2021-05-05,AirTemp_C_mean,gcrew,noaa_gefs,17.4057076590402
2021-05-05,RH_percent_mean,gcrew,noaa_gefs,89.85335540771484
2021-05-05,Rain_mm_sum,gcrew,noaa_gefs,14.740000247955322
2021-05-05,ShortwaveRadiation_Wm2,gcrew,noaa_gefs,146.42857142857142
2021-05-05,WindSpeed_ms_mean,gcrew,noaa_gefs,4.600731714486242
2021-05-06,AirTemp_C_mean,gcrew,noaa_gefs,12.875778634207611
2021-05-06,RH_percent_mean,gcrew,noaa_gefs,56.911919185093474
2021-05-06,Rain_mm_sum,gcrew,noaa_gefs,0
2021-05-06,ShortwaveRadiation_Wm2,gcrew,noaa_gefs,312.85714285714283
2021-05-06,WindSpeed_ms_mean,gcrew,noaa_gefs,6.539665081195003
2021-05-07,AirTemp_C_mean,gcrew,noaa_gefs,13.07657121930806
2021-05-07,RH_percent_mean,gcrew,noaa_gefs,61.203247615269255
2021-05-07,Rain_mm_sum,gcrew,noaa_gefs,0.5000000074505806
2021-05-07,ShortwaveRadiation_Wm2,gcrew,noaa_gefs,246.57142857142856
2021-05-07,WindSpeed_ms_mean,gcrew,noaa_gefs,2.0713877124740723
2021-05-08,AirTemp_C_mean,gcrew,noaa_gefs,11.416022600446452
2021-05-08,RH_percent_mean,gcrew,noaa_gefs,63.263009207589285
2021-05-08,Rain_mm_sum,gcrew,noaa_gefs,2.170000083744526
2021-05-08,ShortwaveRadiation_Wm2,gcrew,noaa_gefs,252.14285714285717
2021-05-08,WindSpeed_ms_mean,gcrew,noaa_gefs,5.694681817784424
2021-05-09,AirTemp_C_mean,gcrew,noaa_gefs,10.35069318498886
2021-05-09,RH_percent_mean,gcrew,noaa_gefs,66.39634159633091
2021-05-09,Rain_mm_sum,gcrew,noaa_gefs,1.3999999538064003
2021-05-09,ShortwaveRadiation_Wm2,gcrew,noaa_gefs,140.14285714285717
2021-05-09,WindSpeed_ms_mean,gcrew,noaa_gefs,3.698579467648376
2021-05-10,AirTemp_C_mean,gcrew,noaa_gefs,14.723962402343773
2021-05-10,RH_percent_mean,gcrew,noaa_gefs,67.02446256365094
2021-05-10,Rain_mm_sum,gcrew,noaa_gefs,0.01999999955296516
2021-05-10,ShortwaveRadiation_Wm2,gcrew,noaa_gefs,304.42857142857144
2021-05-10,WindSpeed_ms_mean,gcrew,noaa_gefs,5.865029911473272
2021-05-11,AirTemp_C_mean,gcrew,noaa_gefs,13.901361083984398
2021-05-11,RH_percent_mean,gcrew,noaa_gefs,52.9661739894322
2021-05-11,Rain_mm_sum,gcrew,noaa_gefs,0.00999999977648258
2021-05-11,ShortwaveRadiation_Wm2,gcrew,noaa_gefs,288.42857142857144
2021-05-11,WindSpeed_ms_mean,gcrew,noaa_gefs,3.13239573759221
2021-05-12,AirTemp_C_mean,gcrew,noaa_gefs,12.206968470982163
2021-05-12,RH_percent_mean,gcrew,noaa_gefs,49.22555650983538
2021-05-12,Rain_mm_sum,gcrew,noaa_gefs,0
2021-05-12,ShortwaveRadiation_Wm2,gcrew,noaa_gefs,313
2021-05-12,WindSpeed_ms_mean,gcrew,noaa_gefs,4.6368942380419735
2021-05-13,AirTemp_C_mean,gcrew,noaa_gefs,13.772271728515648
2021-05-13,RH_percent_mean,gcrew,noaa_gefs,57.20122800554548
2021-05-13,Rain_mm_sum,gcrew,noaa_gefs,0.00999999977648258
2021-05-13,ShortwaveRadiation_Wm2,gcrew,noaa_gefs,324.57142857142856
2021-05-13,WindSpeed_ms_mean,gcrew,noaa_gefs,3.493883854978582
2021-05-14,AirTemp_C_mean,gcrew,noaa_gefs,14.51578020368306
2021-05-14,RH_percent_mean,gcrew,noaa_gefs,55.71268899100168
2021-05-14,Rain_mm_sum,gcrew,noaa_gefs,0
2021-05-14,ShortwaveRadiation_Wm2,gcrew,noaa_gefs,304.7142857142857
2021-05-14,WindSpeed_ms_mean,gcrew,noaa_gefs,1.7412155497871304
2021-05-15,AirTemp_C_mean,gcrew,noaa_gefs,15.689124407087077
2021-05-15,RH_percent_mean,gcrew,noaa_gefs,55.04024287632534
2021-05-15,Rain_mm_sum,gcrew,noaa_gefs,0
2021-05-15,ShortwaveRadiation_Wm2,gcrew,noaa_gefs,316.57142857142856
2021-05-15,WindSpeed_ms_mean,gcrew,noaa_gefs,2.209843557344929
2021-05-16,AirTemp_C_mean,gcrew,noaa_gefs,14.971067592075917
2021-05-16,RH_percent_mean,gcrew,noaa_gefs,57.63409805297851
2021-05-16,Rain_mm_sum,gcrew,noaa_gefs,0
2021-05-16,ShortwaveRadiation_Wm2,gcrew,noaa_gefs,246.14285714285717
2021-05-16,WindSpeed_ms_mean,gcrew,noaa_gefs,3.1226891801134635
2021-05-17,AirTemp_C_mean,gcrew,noaa_gefs,15.067694963727702
2021-05-17,RH_percent_mean,gcrew,noaa_gefs,70.30445207868304
2021-05-17,Rain_mm_sum,gcrew,noaa_gefs,0.00999999977648258
2021-05-17,ShortwaveRadiation_Wm2,gcrew,noaa_gefs,292
2021-05-17,WindSpeed_ms_mean,gcrew,noaa_gefs,1.531936853135836
2021-05-18,AirTemp_C_mean,gcrew,noaa_gefs,16.469628906250023
2021-05-18,RH_percent_mean,gcrew,noaa_gefs,58.42680467878069
2021-05-18,Rain_mm_sum,gcrew,noaa_gefs,0
2021-05-18,ShortwaveRadiation_Wm2,gcrew,noaa_gefs,325.42857142857144
2021-05-18,WindSpeed_ms_mean,gcrew,noaa_gefs,3.0870556394745807
2021-05-19,AirTemp_C_mean,gcrew,noaa_gefs,18.267759486607165
2021-05-19,RH_percent_mean,gcrew,noaa_gefs,67.49048777988979
2021-05-19,Rain_mm_sum,gcrew,noaa_gefs,0
2021-05-19,ShortwaveRadiation_Wm2,gcrew,noaa_gefs,320.57142857142856
2021-05-19,WindSpeed_ms_mean,gcrew,noaa_gefs,2.7194883100410085
2021-05-20,AirTemp_C_mean,gcrew,noaa_gefs,21.05750209263395
2021-05-20,RH_percent_mean,gcrew,noaa_gefs,60.791449955531526
2021-05-20,Rain_mm_sum,gcrew,noaa_gefs,0
2021-05-20,ShortwaveRadiation_Wm2,gcrew,noaa_gefs,304.14285714285717
2021-05-20,WindSpeed_ms_mean,gcrew,noaa_gefs,3.1821689572777743
2021-05-21,AirTemp_C_mean,gcrew,noaa_gefs,17.575481305803596
2021-05-21,RH_percent_mean,gcrew,noaa_gefs,59.58596692766462
2021-05-21,Rain_mm_sum,gcrew,noaa_gefs,0
2021-05-21,ShortwaveRadiation_Wm2,gcrew,noaa_gefs,317.42857142857144
2021-05-21,WindSpeed_ms_mean,gcrew,noaa_gefs,1.7440686739802282
2021-05-22,AirTemp_C_mean,gcrew,noaa_gefs,21.103474644252255
2021-05-22,RH_percent_mean,gcrew,noaa_gefs,59.36508287702288
2021-05-22,Rain_mm_sum,gcrew,noaa_gefs,0
2021-05-22,ShortwaveRadiation_Wm2,gcrew,noaa_gefs,275.57142857142856
2021-05-22,WindSpeed_ms_mean,gcrew,noaa_gefs,3.4948285997803055
2021-05-23,AirTemp_C_mean,gcrew,noaa_gefs,22.93844430106029
2021-05-23,RH_percent_mean,gcrew,noaa_gefs,59.290640694754465
2021-05-23,Rain_mm_sum,gcrew,noaa_gefs,0.20000000298023224
2021-05-23,ShortwaveRadiation_Wm2,gcrew,noaa_gefs,293.85714285714283
2021-05-23,WindSpeed_ms_mean,gcrew,noaa_gefs,4.890638678915735
2021-05-24,AirTemp_C_mean,gcrew,noaa_gefs,19.63048270089288
2021-05-24,RH_percent_mean,gcrew,noaa_gefs,78.38637978690011
2021-05-24,Rain_mm_sum,gcrew,noaa_gefs,1.000000013038516
2021-05-24,ShortwaveRadiation_Wm2,gcrew,noaa_gefs,90.71428571428572
2021-05-24,WindSpeed_ms_mean,gcrew,noaa_gefs,4.439838568709771
2021-05-25,AirTemp_C_mean,gcrew,noaa_gefs,16.63876168387279
2021-05-25,RH_percent_mean,gcrew,noaa_gefs,76.1288833618164
2021-05-25,Rain_mm_sum,gcrew,noaa_gefs,1.4199999757111073
2021-05-25,ShortwaveRadiation_Wm2,gcrew,noaa_gefs,252.2857142857143
2021-05-25,WindSpeed_ms_mean,gcrew,noaa_gefs,3.703299849481428
2021-05-26,AirTemp_C_mean,gcrew,noaa_gefs,21.050613839285734
2021-05-26,RH_percent_mean,gcrew,noaa_gefs,85.72521482195172
2021-05-26,Rain_mm_sum,gcrew,noaa_gefs,3.200000002980232
2021-05-26,ShortwaveRadiation_Wm2,gcrew,noaa_gefs,261.42857142857144
2021-05-26,WindSpeed_ms_mean,gcrew,noaa_gefs,4.19968485513975
2021-05-27,AirTemp_C_mean,gcrew,noaa_gefs,21.176150076729932
2021-05-27,RH_percent_mean,gcrew,noaa_gefs,75.6783812386649
2021-05-27,Rain_mm_sum,gcrew,noaa_gefs,7.819999933242798
2021-05-27,ShortwaveRadiation_Wm2,gcrew,noaa_gefs,323.14285714285717
2021-05-27,WindSpeed_ms_mean,gcrew,noaa_gefs,2.801124557900034
2021-05-28,AirTemp_C_mean,gcrew,noaa_gefs,18.76919381277904
2021-05-28,RH_percent_mean,gcrew,noaa_gefs,72.25338091169085
2021-05-28,Rain_mm_sum,gcrew,noaa_gefs,0.10000000149011612
2021-05-28,ShortwaveRadiation_Wm2,gcrew,noaa_gefs,224.85714285714283
2021-05-28,WindSpeed_ms_mean,gcrew,noaa_gefs,5.441680063520416
2021-05-29,AirTemp_C_mean,gcrew,noaa_gefs,12.681708635602702
2021-05-29,RH_percent_mean,gcrew,noaa_gefs,90.96793038504464
2021-05-29,Rain_mm_sum,gcrew,noaa_gefs,21.22000008821487
2021-05-29,ShortwaveRadiation_Wm2,gcrew,noaa_gefs,21.428571428571427
2021-05-29,WindSpeed_ms_mean,gcrew,noaa_gefs,7.939836279047848
2021-05-30,AirTemp_C_mean,gcrew,noaa_gefs,11.205010986328148
2021-05-30,RH_percent_mean,gcrew,noaa_gefs,86.07676369803292
2021-05-30,Rain_mm_sum,gcrew,noaa_gefs,11.600000157952309
2021-05-30,ShortwaveRadiation_Wm2,gcrew,noaa_gefs,65.57142857142857
2021-05-30,WindSpeed_ms_mean,gcrew,noaa_gefs,6.398913295312578
2021-05-31,AirTemp_C_mean,gcrew,noaa_gefs,14.329814801897344
2021-05-31,RH_percent_mean,gcrew,noaa_gefs,70.78548485892159
2021-05-31,Rain_mm_sum,gcrew,noaa_gefs,0.19999999552965164
2021-05-31,ShortwaveRadiation_Wm2,gcrew,noaa_gefs,307.85714285714283
2021-05-31,WindSpeed_ms_mean,gcrew,noaa_gefs,3.6518213626778886
2021-06-01,AirTemp_C_mean,gcrew,noaa_gefs,16.83773629324779
2021-06-01,RH_percent_mean,gcrew,noaa_gefs,70.83252661568778
2021-06-01,Rain_mm_sum,gcrew,noaa_gefs,0
2021-06-01,ShortwaveRadiation_Wm2,gcrew,noaa_gefs,293.2857142857143
2021-06-01,WindSpeed_ms_mean,gcrew,noaa_gefs,4.100965458869071
2021-06-02,AirTemp_C_mean,gcrew,noaa_gefs,17.872395542689755
2021-06-02,RH_percent_mean,gcrew,noaa_gefs,78.39487784249442
2021-06-02,Rain_mm_sum,gcrew,noaa_gefs,0
2021-06-02,ShortwaveRadiation_Wm2,gcrew,noaa_gefs,240.42857142857144
2021-06-02,WindSpeed_ms_mean,gcrew,noaa_gefs,4.24850143956329
2021-06-03,AirTemp_C_mean,gcrew,noaa_gefs,19.00094430106029
2021-06-03,RH_percent_mean,gcrew,noaa_gefs,87.86399187360492
2021-06-03,Rain_mm_sum,gcrew,noaa_gefs,2.1499999798834324
2021-06-03,ShortwaveRadiation_Wm2,gcrew,noaa_gefs,200
2021-06-03,WindSpeed_ms_mean,gcrew,noaa_gefs,3.491768400146916
2021-06-04,AirTemp_C_mean,gcrew,noaa_gefs,20.946514020647346
2021-06-04,RH_percent_mean,gcrew,noaa_gefs,83.90701402936664
2021-06-04,Rain_mm_sum,gcrew,noaa_gefs,13.580000057816504
2021-06-04,ShortwaveRadiation_Wm2,gcrew,noaa_gefs,236.85714285714283
2021-06-04,WindSpeed_ms_mean,gcrew,noaa_gefs,4.893111238468957
2021-06-05,AirTemp_C_mean,gcrew,noaa_gefs,22.09691336495538
2021-06-05,RH_percent_mean,gcrew,noaa_gefs,70.95846666608539
2021-06-05,Rain_mm_sum,gcrew,noaa_gefs,0.1899999976158142
2021-06-05,ShortwaveRadiation_Wm2,gcrew,noaa_gefs,321.14285714285717
2021-06-05,WindSpeed_ms_mean,gcrew,noaa_gefs,3.71068890348765
2021-06-06,AirTemp_C_mean,gcrew,noaa_gefs,22.731042480468773
2021-06-06,RH_percent_mean,gcrew,noaa_gefs,70.6749289376395
2021-06-06,Rain_mm_sum,gcrew,noaa_gefs,0
2021-06-06,ShortwaveRadiation_Wm2,gcrew,noaa_gefs,323.14285714285717
2021-06-06,WindSpeed_ms_mean,gcrew,noaa_gefs,3.3790394741450003
2021-06-07,AirTemp_C_mean,gcrew,noaa_gefs,23.6086364746094
2021-06-07,RH_percent_mean,gcrew,noaa_gefs,83.08775111607143
2021-06-07,Rain_mm_sum,gcrew,noaa_gefs,1.5799999833106997
2021-06-07,ShortwaveRadiation_Wm2,gcrew,noaa_gefs,282.2857142857143
2021-06-07,WindSpeed_ms_mean,gcrew,noaa_gefs,3.843544720791664
2021-06-08,AirTemp_C_mean,gcrew,noaa_gefs,23.941788155691988
2021-06-08,RH_percent_mean,gcrew,noaa_gefs,81.60657610212054
2021-06-08,Rain_mm_sum,gcrew,noaa_gefs,5.769999960437417
2021-06-08,ShortwaveRadiation_Wm2,gcrew,noaa_gefs,261.57142857142856
2021-06-08,WindSpeed_ms_mean,gcrew,noaa_gefs,2.5314458441107432
2021-06-09,AirTemp_C_mean,gcrew,noaa_gefs,23.21089215959824
2021-06-09,RH_percent_mean,gcrew,noaa_gefs,84.94309997558594
2021-06-09,Rain_mm_sum,gcrew,noaa_gefs,5.970000037923455
2021-06-09,ShortwaveRadiation_Wm2,gcrew,noaa_gefs,163.85714285714286
2021-06-09,WindSpeed_ms_mean,gcrew,noaa_gefs,2.0846074554475806
2021-06-10,AirTemp_C_mean,gcrew,noaa_gefs,23.497478376116096
2021-06-10,RH_percent_mean,gcrew,noaa_gefs,84.76857539585659
2021-06-10,Rain_mm_sum,gcrew,noaa_gefs,17.47000026702881
2021-06-10,ShortwaveRadiation_Wm2,gcrew,noaa_gefs,300
2021-06-10,WindSpeed_ms_mean,gcrew,noaa_gefs,2.5357051859641246
2021-06-11,AirTemp_C_mean,gcrew,noaa_gefs,19.143173653738863
2021-06-11,RH_percent_mean,gcrew,noaa_gefs,94.80499049595424
2021-06-11,Rain_mm_sum,gcrew,noaa_gefs,19.6800000667572
2021-06-11,ShortwaveRadiation_Wm2,gcrew,noaa_gefs,7
2021-06-11,WindSpeed_ms_mean,gcrew,noaa_gefs,6.607210603775097
2021-06-12,AirTemp_C_mean,gcrew,noaa_gefs,19.597981480189755
2021-06-12,RH_percent_mean,gcrew,noaa_gefs,83.67069898332868
2021-06-12,Rain_mm_sum,gcrew,noaa_gefs,3.430000016465783
2021-06-12,ShortwaveRadiation_Wm2,gcrew,noaa_gefs,283.57142857142856
2021-06-12,WindSpeed_ms_mean,gcrew,noaa_gefs,4.344749294456471
2021-06-13,AirTemp_C_mean,gcrew,noaa_gefs,19.64118565150672
2021-06-13,RH_percent_mean,gcrew,noaa_gefs,73.79376983642578
2021-06-13,Rain_mm_sum,gcrew,noaa_gefs,0
2021-06-13,ShortwaveRadiation_Wm2,gcrew,noaa_gefs,280.2857142857143
2021-06-13,WindSpeed_ms_mean,gcrew,noaa_gefs,3.5559331417291045
2021-06-14,AirTemp_C_mean,gcrew,noaa_gefs,20.200899832589307
2021-06-14,RH_percent_mean,gcrew,noaa_gefs,85.34199959891183
2021-06-14,Rain_mm_sum,gcrew,noaa_gefs,2.600000023841858
2021-06-14,ShortwaveRadiation_Wm2,gcrew,noaa_gefs,229.85714285714283
2021-06-14,WindSpeed_ms_mean,gcrew,noaa_gefs,4.1860110521726765
2021-06-15,AirTemp_C_mean,gcrew,noaa_gefs,21.529783412388415
2021-06-15,RH_percent_mean,gcrew,noaa_gefs,74.6150768824986
2021-06-15,Rain_mm_sum,gcrew,noaa_gefs,18.770000118762255
2021-06-15,ShortwaveRadiation_Wm2,gcrew,noaa_gefs,320.7142857142857
2021-06-15,WindSpeed_ms_mean,gcrew,noaa_gefs,3.671293353735838
2021-06-16,AirTemp_C_mean,gcrew,noaa_gefs,19.532996477399575
2021-06-16,RH_percent_mean,gcrew,noaa_gefs,56.490815843854634
2021-06-16,Rain_mm_sum,gcrew,noaa_gefs,0
2021-06-16,ShortwaveRadiation_Wm2,gcrew,noaa_gefs,293.57142857142856
2021-06-16,WindSpeed_ms_mean,gcrew,noaa_gefs,4.632803180445499
2021-06-17,AirTemp_C_mean,gcrew,noaa_gefs,19.923189871651807
2021-06-17,RH_percent_mean,gcrew,noaa_gefs,50.63883209228515
2021-06-17,Rain_mm_sum,gcrew,noaa_gefs,0
2021-06-17,ShortwaveRadiation_Wm2,gcrew,noaa_gefs,337
2021-06-17,WindSpeed_ms_mean,gcrew,noaa_gefs,3.0687564371584326
2021-06-18,AirTemp_C_mean,gcrew,noaa_gefs,20.16987653459824
2021-06-18,RH_percent_mean,gcrew,noaa_gefs,52.19869940621512
2021-06-18,Rain_mm_sum,gcrew,noaa_gefs,0
2021-06-18,ShortwaveRadiation_Wm2,gcrew,noaa_gefs,328.57142857142856
2021-06-18,WindSpeed_ms_mean,gcrew,noaa_gefs,3.4945676115523354
2021-06-19,AirTemp_C_mean,gcrew,noaa_gefs,22.794920131138415
2021-06-19,RH_percent_mean,gcrew,noaa_gefs,74.5894284929548
2021-06-19,Rain_mm_sum,gcrew,noaa_gefs,10.93000030517578
2021-06-19,ShortwaveRadiation_Wm2,gcrew,noaa_gefs,194.57142857142856
2021-06-19,WindSpeed_ms_mean,gcrew,noaa_gefs,5.9134875557580155
2021-06-20,AirTemp_C_mean,gcrew,noaa_gefs,23.766006905691988
2021-06-20,RH_percent_mean,gcrew,noaa_gefs,80.02930286952427
2021-06-20,Rain_mm_sum,gcrew,noaa_gefs,10.000000476837158
2021-06-20,ShortwaveRadiation_Wm2,gcrew,noaa_gefs,303.57142857142856
2021-06-20,WindSpeed_ms_mean,gcrew,noaa_gefs,3.2806557648755517
2021-06-21,AirTemp_C_mean,gcrew,noaa_gefs,24.257300676618325
2021-06-21,RH_percent_mean,gcrew,noaa_gefs,84.82074955531529
2021-06-21,Rain_mm_sum,gcrew,noaa_gefs,0
2021-06-21,ShortwaveRadiation_Wm2,gcrew,noaa_gefs,295.57142857142856
2021-06-21,WindSpeed_ms_mean,gcrew,noaa_gefs,4.329955270410608
2021-06-22,AirTemp_C_mean,gcrew,noaa_gefs,21.13727068219868
2021-06-22,RH_percent_mean,gcrew,noaa_gefs,79.22140393938336
2021-06-22,Rain_mm_sum,gcrew,noaa_gefs,10.22000041231513
2021-06-22,ShortwaveRadiation_Wm2,gcrew,noaa_gefs,108
2021-06-22,WindSpeed_ms_mean,gcrew,noaa_gefs,5.556145184287809
2021-06-23,AirTemp_C_mean,gcrew,noaa_gefs,18.129327392578148
2021-06-23,RH_percent_mean,gcrew,noaa_gefs,53.61588723318918
2021-06-23,Rain_mm_sum,gcrew,noaa_gefs,0
2021-06-23,ShortwaveRadiation_Wm2,gcrew,noaa_gefs,334
2021-06-23,WindSpeed_ms_mean,gcrew,noaa_gefs,2.839912096356926
2021-06-24,AirTemp_C_mean,gcrew,noaa_gefs,19.18250209263395
2021-06-24,RH_percent_mean,gcrew,noaa_gefs,60.540405818394255
2021-06-24,Rain_mm_sum,gcrew,noaa_gefs,0
2021-06-24,ShortwaveRadiation_Wm2,gcrew,noaa_gefs,329.2857142857143
2021-06-24,WindSpeed_ms_mean,gcrew,noaa_gefs,2.954742999811556
2021-06-25,AirTemp_C_mean,gcrew,noaa_gefs,18.67699148995538
2021-06-25,RH_percent_mean,gcrew,noaa_gefs,78.77185385567802
2021-06-25,Rain_mm_sum,gcrew,noaa_gefs,0
2021-06-25,ShortwaveRadiation_Wm2,gcrew,noaa_gefs,317.2857142857143
2021-06-25,WindSpeed_ms_mean,gcrew,noaa_gefs,2.520866592425147
2021-06-26,AirTemp_C_mean,gcrew,noaa_gefs,21.92440621512279
2021-06-26,RH_percent_mean,gcrew,noaa_gefs,90.0832999093192
2021-06-26,Rain_mm_sum,gcrew,noaa_gefs,0.9900000188499688
2021-06-26,ShortwaveRadiation_Wm2,gcrew,noaa_gefs,249.2857142857143
2021-06-26,WindSpeed_ms_mean,gcrew,noaa_gefs,4.414948118778877
2021-06-27,AirTemp_C_mean,gcrew,noaa_gefs,23.11915196010047
2021-06-27,RH_percent_mean,gcrew,noaa_gefs,89.97416469029018
2021-06-27,Rain_mm_sum,gcrew,noaa_gefs,5.240000195801258
2021-06-27,ShortwaveRadiation_Wm2,gcrew,noaa_gefs,252.85714285714283
2021-06-27,WindSpeed_ms_mean,gcrew,noaa_gefs,5.219970633604859
2021-06-28,AirTemp_C_mean,gcrew,noaa_gefs,24.650231933593773
2021-06-28,RH_percent_mean,gcrew,noaa_gefs,79.33830152239118
2021-06-28,Rain_mm_sum,gcrew,noaa_gefs,0
2021-06-28,ShortwaveRadiation_Wm2,gcrew,noaa_gefs,314.14285714285717
2021-06-28,WindSpeed_ms_mean,gcrew,noaa_gefs,5.617613468706892
2021-06-29,AirTemp_C_mean,gcrew,noaa_gefs,24.911545235770113
2021-06-29,RH_percent_mean,gcrew,noaa_gefs,80.4821297781808
2021-06-29,Rain_mm_sum,gcrew,noaa_gefs,0
2021-06-29,ShortwaveRadiation_Wm2,gcrew,noaa_gefs,317.42857142857144
2021-06-29,WindSpeed_ms_mean,gcrew,noaa_gefs,5.0680735680468345
2021-06-30,AirTemp_C_mean,gcrew,noaa_gefs,26.243768310546898
2021-06-30,RH_percent_mean,gcrew,noaa_gefs,66.56507383074079
2021-06-30,Rain_mm_sum,gcrew,noaa_gefs,0
2021-06-30,ShortwaveRadiation_Wm2,gcrew,noaa_gefs,315.7142857142857
2021-06-30,WindSpeed_ms_mean,gcrew,noaa_gefs,4.095787349352442
2021-07-01,AirTemp_C_mean,gcrew,noaa_gefs,24.2373726981027
2021-07-01,RH_percent_mean,gcrew,noaa_gefs,76.48874827793666
2021-07-01,Rain_mm_sum,gcrew,noaa_gefs,11.31999994814396
2021-07-01,ShortwaveRadiation_Wm2,gcrew,noaa_gefs,232.7142857142857
2021-07-01,WindSpeed_ms_mean,gcrew,noaa_gefs,2.200160598162905
2021-07-02,AirTemp_C_mean,gcrew,noaa_gefs,21.86689801897324
2021-07-02,RH_percent_mean,gcrew,noaa_gefs,82.78304944719586
2021-07-02,Rain_mm_sum,gcrew,noaa_gefs,50.850000992417336
2021-07-02,ShortwaveRadiation_Wm2,gcrew,noaa_gefs,192.14285714285717
2021-07-02,WindSpeed_ms_mean,gcrew,noaa_gefs,3.388432456754575
2021-07-03,AirTemp_C_mean,gcrew,noaa_gefs,21.282752336774575
2021-07-03,RH_percent_mean,gcrew,noaa_gefs,66.82077462332589
2021-07-03,Rain_mm_sum,gcrew,noaa_gefs,2.030000001192093
2021-07-03,ShortwaveRadiation_Wm2,gcrew,noaa_gefs,319.14285714285717
2021-07-03,WindSpeed_ms_mean,gcrew,noaa_gefs,5.203195500514418
2021-07-04,AirTemp_C_mean,gcrew,noaa_gefs,21.128677804129488
2021-07-04,RH_percent_mean,gcrew,noaa_gefs,69.12782669067383
2021-07-04,Rain_mm_sum,gcrew,noaa_gefs,2.500000096857548
2021-07-04,ShortwaveRadiation_Wm2,gcrew,noaa_gefs,269.42857142857144
2021-07-04,WindSpeed_ms_mean,gcrew,noaa_gefs,2.346006452480286
2021-07-05,AirTemp_C_mean,gcrew,noaa_gefs,23.68006504603797
2021-07-05,RH_percent_mean,gcrew,noaa_gefs,71.70547594342914
2021-07-05,Rain_mm_sum,gcrew,noaa_gefs,0
2021-07-05,ShortwaveRadiation_Wm2,gcrew,noaa_gefs,316.7142857142857
2021-07-05,WindSpeed_ms_mean,gcrew,noaa_gefs,2.793765079058309
2021-07-06,AirTemp_C_mean,gcrew,noaa_gefs,25.358823939732165
2021-07-06,RH_percent_mean,gcrew,noaa_gefs,71.38133185250419
2021-07-06,Rain_mm_sum,gcrew,noaa_gefs,1.2800000309944153
2021-07-06,ShortwaveRadiation_Wm2,gcrew,noaa_gefs,312.14285714285717
2021-07-06,WindSpeed_ms_mean,gcrew,noaa_gefs,4.731708873774607
2021-07-07,AirTemp_C_mean,gcrew,noaa_gefs,25.555461774553596
2021-07-07,RH_percent_mean,gcrew,noaa_gefs,68.9679674421038
2021-07-07,Rain_mm_sum,gcrew,noaa_gefs,2.8000000715255737
2021-07-07,ShortwaveRadiation_Wm2,gcrew,noaa_gefs,314.57142857142856
2021-07-07,WindSpeed_ms_mean,gcrew,noaa_gefs,3.2140719283793495
2021-07-08,AirTemp_C_mean,gcrew,noaa_gefs,24.499649483816988
2021-07-08,RH_percent_mean,gcrew,noaa_gefs,74.07813698904855
2021-07-08,Rain_mm_sum,gcrew,noaa_gefs,0.07999999821186066
2021-07-08,ShortwaveRadiation_Wm2,gcrew,noaa_gefs,58.42857142857143
2021-07-08,WindSpeed_ms_mean,gcrew,noaa_gefs,5.162076155590296
2021-07-09,AirTemp_C_mean,gcrew,noaa_gefs,23.70685076032368
2021-07-09,RH_percent_mean,gcrew,noaa_gefs,82.35636247907367
2021-07-09,Rain_mm_sum,gcrew,noaa_gefs,10.970000110566616
2021-07-09,ShortwaveRadiation_Wm2,gcrew,noaa_gefs,274.42857142857144
2021-07-09,WindSpeed_ms_mean,gcrew,noaa_gefs,4.6215744125584886
2021-07-10,AirTemp_C_mean,gcrew,noaa_gefs,23.311194719587075
2021-07-10,RH_percent_mean,gcrew,noaa_gefs,68.17295891898019
2021-07-10,Rain_mm_sum,gcrew,noaa_gefs,1.2200000286102295
2021-07-10,ShortwaveRadiation_Wm2,gcrew,noaa_gefs,313.7142857142857
2021-07-10,WindSpeed_ms_mean,gcrew,noaa_gefs,3.7960937229085703
2021-07-11,AirTemp_C_mean,gcrew,noaa_gefs,24.16242588588172
2021-07-11,RH_percent_mean,gcrew,noaa_gefs,75.44534846714565
2021-07-11,Rain_mm_sum,gcrew,noaa_gefs,0.00999999977648258
2021-07-11,ShortwaveRadiation_Wm2,gcrew,noaa_gefs,304.2857142857143
2021-07-11,WindSpeed_ms_mean,gcrew,noaa_gefs,3.6570613794195745
2021-07-12,AirTemp_C_mean,gcrew,noaa_gefs,26.118733433314755
2021-07-12,RH_percent_mean,gcrew,noaa_gefs,81.1144289289202
2021-07-12,Rain_mm_sum,gcrew,noaa_gefs,2.0000000447034836
2021-07-12,ShortwaveRadiation_Wm2,gcrew,noaa_gefs,297.7142857142857
2021-07-12,WindSpeed_ms_mean,gcrew,noaa_gefs,4.429581714770749
2021-07-13,AirTemp_C_mean,gcrew,noaa_gefs,26.580490548270113
2021-07-13,RH_percent_mean,gcrew,noaa_gefs,76.77704838344029
2021-07-13,Rain_mm_sum,gcrew,noaa_gefs,3.890000084415078
2021-07-13,ShortwaveRadiation_Wm2,gcrew,noaa_gefs,288.2857142857143
2021-07-13,WindSpeed_ms_mean,gcrew,noaa_gefs,3.5241103188206853
2021-07-14,AirTemp_C_mean,gcrew,noaa_gefs,26.401997593471005
2021-07-14,RH_percent_mean,gcrew,noaa_gefs,71.30479649135044
2021-07-14,Rain_mm_sum,gcrew,noaa_gefs,0.30000001192092896
2021-07-14,ShortwaveRadiation_Wm2,gcrew,noaa_gefs,304.2857142857143
2021-07-14,WindSpeed_ms_mean,gcrew,noaa_gefs,3.830709908677155
2021-07-15,AirTemp_C_mean,gcrew,noaa_gefs,25.620895821707613
2021-07-15,RH_percent_mean,gcrew,noaa_gefs,73.56219972882953
2021-07-15,Rain_mm_sum,gcrew,noaa_gefs,1.4000000059604645
2021-07-15,ShortwaveRadiation_Wm2,gcrew,noaa_gefs,301
2021-07-15,WindSpeed_ms_mean,gcrew,noaa_gefs,1.7436199220157638
2021-07-16,AirTemp_C_mean,gcrew,noaa_gefs,26.684097726004488
2021-07-16,RH_percent_mean,gcrew,noaa_gefs,70.37040383475167
2021-07-16,Rain_mm_sum,gcrew,noaa_gefs,2.4000000953674316
2021-07-16,ShortwaveRadiation_Wm2,gcrew,noaa_gefs,306.7142857142857
2021-07-16,WindSpeed_ms_mean,gcrew,noaa_gefs,2.729991150685267
2021-07-17,AirTemp_C_mean,gcrew,noaa_gefs,26.478622872488863
2021-07-17,RH_percent_mean,gcrew,noaa_gefs,74.53032575334821
2021-07-17,Rain_mm_sum,gcrew,noaa_gefs,0.7899999916553497
2021-07-17,ShortwaveRadiation_Wm2,gcrew,noaa_gefs,304.85714285714283
2021-07-17,WindSpeed_ms_mean,gcrew,noaa_gefs,4.202854832835525
2021-07-18,AirTemp_C_mean,gcrew,noaa_gefs,25.248995535714307
2021-07-18,RH_percent_mean,gcrew,noaa_gefs,67.92708587646484
2021-07-18,Rain_mm_sum,gcrew,noaa_gefs,1.300000011920929
2021-07-18,ShortwaveRadiation_Wm2,gcrew,noaa_gefs,299.7142857142857
2021-07-18,WindSpeed_ms_mean,gcrew,noaa_gefs,5.382406438616213
2021-07-19,AirTemp_C_mean,gcrew,noaa_gefs,24.596725899832613
2021-07-19,RH_percent_mean,gcrew,noaa_gefs,60.38002014160156
2021-07-19,Rain_mm_sum,gcrew,noaa_gefs,0
2021-07-19,ShortwaveRadiation_Wm2,gcrew,noaa_gefs,238.7142857142857
2021-07-19,WindSpeed_ms_mean,gcrew,noaa_gefs,3.135148413790662
2021-07-20,AirTemp_C_mean,gcrew,noaa_gefs,25.02813982282368
2021-07-20,RH_percent_mean,gcrew,noaa_gefs,66.78376170567104
2021-07-20,Rain_mm_sum,gcrew,noaa_gefs,1.6100000143051147
2021-07-20,ShortwaveRadiation_Wm2,gcrew,noaa_gefs,287.57142857142856
2021-07-20,WindSpeed_ms_mean,gcrew,noaa_gefs,2.543209761874998
2021-07-21,AirTemp_C_mean,gcrew,noaa_gefs,25.81030970982145
2021-07-21,RH_percent_mean,gcrew,noaa_gefs,66.813140869140625
2021-07-21,Rain_mm_sum,gcrew,noaa_gefs,4.410000137984753
2021-07-21,ShortwaveRadiation_Wm2,gcrew,noaa_gefs,234
2021-07-21,WindSpeed_ms_mean,gcrew,noaa_gefs,2.145401309156098
2021-07-22,AirTemp_C_mean,gcrew,noaa_gefs,22.988161795479932
2021-07-22,RH_percent_mean,gcrew,noaa_gefs,59.09705897739955
2021-07-22,Rain_mm_sum,gcrew,noaa_gefs,5.200000286102295
2021-07-22,ShortwaveRadiation_Wm2,gcrew,noaa_gefs,312
2021-07-22,WindSpeed_ms_mean,gcrew,noaa_gefs,4.095019158719644
2021-07-23,AirTemp_C_mean,gcrew,noaa_gefs,22.814534214564755
2021-07-23,RH_percent_mean,gcrew,noaa_gefs,56.34081486293248
2021-07-23,Rain_mm_sum,gcrew,noaa_gefs,0
2021-07-23,ShortwaveRadiation_Wm2,gcrew,noaa_gefs,301
2021-07-23,WindSpeed_ms_mean,gcrew,noaa_gefs,2.828297656455802
2021-07-24,AirTemp_C_mean,gcrew,noaa_gefs,23.61977975027904
2021-07-24,RH_percent_mean,gcrew,noaa_gefs,56.85438483101981
2021-07-24,Rain_mm_sum,gcrew,noaa_gefs,0
2021-07-24,ShortwaveRadiation_Wm2,gcrew,noaa_gefs,243.7142857142857
2021-07-24,WindSpeed_ms_mean,gcrew,noaa_gefs,2.5750027234044652
2021-07-25,AirTemp_C_mean,gcrew,noaa_gefs,24.427571323939755
2021-07-25,RH_percent_mean,gcrew,noaa_gefs,70.7653443472726
2021-07-25,Rain_mm_sum,gcrew,noaa_gefs,3.450000047683716
2021-07-25,ShortwaveRadiation_Wm2,gcrew,noaa_gefs,271.7142857142857
2021-07-25,WindSpeed_ms_mean,gcrew,noaa_gefs,5.947754322395505
2021-07-26,AirTemp_C_mean,gcrew,noaa_gefs,25.187576729910734
2021-07-26,RH_percent_mean,gcrew,noaa_gefs,72.47065462384906
2021-07-26,Rain_mm_sum,gcrew,noaa_gefs,5.540000110864639
2021-07-26,ShortwaveRadiation_Wm2,gcrew,noaa_gefs,281.14285714285717
2021-07-26,WindSpeed_ms_mean,gcrew,noaa_gefs,3.012874931101789
2021-07-27,AirTemp_C_mean,gcrew,noaa_gefs,25.796084158761182
2021-07-27,RH_percent_mean,gcrew,noaa_gefs,73.75391660417829
2021-07-27,Rain_mm_sum,gcrew,noaa_gefs,0.5900000035762787
2021-07-27,ShortwaveRadiation_Wm2,gcrew,noaa_gefs,291.57142857142856
2021-07-27,WindSpeed_ms_mean,gcrew,noaa_gefs,1.5930174860388622
2021-07-28,AirTemp_C_mean,gcrew,noaa_gefs,25.665896170479932
2021-07-28,RH_percent_mean,gcrew,noaa_gefs,62.69922092982701
2021-07-28,Rain_mm_sum,gcrew,noaa_gefs,0.4399999976158142
2021-07-28,ShortwaveRadiation_Wm2,gcrew,noaa_gefs,232.7142857142857
2021-07-28,WindSpeed_ms_mean,gcrew,noaa_gefs,2.4311505768858015
2021-07-29,AirTemp_C_mean,gcrew,noaa_gefs,23.03475777762279
2021-07-29,RH_percent_mean,gcrew,noaa_gefs,83.9612306867327
2021-07-29,Rain_mm_sum,gcrew,noaa_gefs,9.260000050067902
2021-07-29,ShortwaveRadiation_Wm2,gcrew,noaa_gefs,176.57142857142858
2021-07-29,WindSpeed_ms_mean,gcrew,noaa_gefs,4.3962603363647625
2021-07-30,AirTemp_C_mean,gcrew,noaa_gefs,25.632021658761182
2021-07-30,RH_percent_mean,gcrew,noaa_gefs,71.18750381469727
2021-07-30,Rain_mm_sum,gcrew,noaa_gefs,1.5299999937415123
2021-07-30,ShortwaveRadiation_Wm2,gcrew,noaa_gefs,282.7142857142857
2021-07-30,WindSpeed_ms_mean,gcrew,noaa_gefs,3.8626003941392777
2021-07-31,AirTemp_C_mean,gcrew,noaa_gefs,22.407312011718773
2021-07-31,RH_percent_mean,gcrew,noaa_gefs,50.08045904976981
2021-07-31,Rain_mm_sum,gcrew,noaa_gefs,0
2021-07-31,ShortwaveRadiation_Wm2,gcrew,noaa_gefs,278.2857142857143
2021-07-31,WindSpeed_ms_mean,gcrew,noaa_gefs,4.536728634583906
2021-08-01,AirTemp_C_mean,gcrew,noaa_gefs,21.39112025669645
2021-08-01,RH_percent_mean,gcrew,noaa_gefs,80.63817269461495
2021-08-01,Rain_mm_sum,gcrew,noaa_gefs,9.670000076293944
2021-08-01,ShortwaveRadiation_Wm2,gcrew,noaa_gefs,158
2021-08-01,WindSpeed_ms_mean,gcrew,noaa_gefs,3.9257598324612455
2021-08-02,AirTemp_C_mean,gcrew,noaa_gefs,21.553016008649575
2021-08-02,RH_percent_mean,gcrew,noaa_gefs,70.02742058890206
2021-08-02,Rain_mm_sum,gcrew,noaa_gefs,5.299999952316284
2021-08-02,ShortwaveRadiation_Wm2,gcrew,noaa_gefs,306.2857142857143
2021-08-02,WindSpeed_ms_mean,gcrew,noaa_gefs,4.415728590557574
2021-08-03,AirTemp_C_mean,gcrew,noaa_gefs,22.05911080496654
2021-08-03,RH_percent_mean,gcrew,noaa_gefs,64.29937253679547
2021-08-03,Rain_mm_sum,gcrew,noaa_gefs,0
2021-08-03,ShortwaveRadiation_Wm2,gcrew,noaa_gefs,182
2021-08-03,WindSpeed_ms_mean,gcrew,noaa_gefs,1.8594791456498057
2021-08-04,AirTemp_C_mean,gcrew,noaa_gefs,21.092754255022346
2021-08-04,RH_percent_mean,gcrew,noaa_gefs,72.66301127842495
2021-08-04,Rain_mm_sum,gcrew,noaa_gefs,0.00999999977648258
2021-08-04,ShortwaveRadiation_Wm2,gcrew,noaa_gefs,189.14285714285717
2021-08-04,WindSpeed_ms_mean,gcrew,noaa_gefs,4.027231022814648
2021-08-05,AirTemp_C_mean,gcrew,noaa_gefs,22.288306535993325
2021-08-05,RH_percent_mean,gcrew,noaa_gefs,65.38821356637138
2021-08-05,Rain_mm_sum,gcrew,noaa_gefs,0
2021-08-05,ShortwaveRadiation_Wm2,gcrew,noaa_gefs,278
2021-08-05,WindSpeed_ms_mean,gcrew,noaa_gefs,3.336063937403217
2021-08-06,AirTemp_C_mean,gcrew,noaa_gefs,23.76689627511163
2021-08-06,RH_percent_mean,gcrew,noaa_gefs,66.74390029907227
2021-08-06,Rain_mm_sum,gcrew,noaa_gefs,0
2021-08-06,ShortwaveRadiation_Wm2,gcrew,noaa_gefs,285.42857142857144
2021-08-06,WindSpeed_ms_mean,gcrew,noaa_gefs,3.1083643376802907
2021-08-07,AirTemp_C_mean,gcrew,noaa_gefs,21.66559099469868
2021-08-07,RH_percent_mean,gcrew,noaa_gefs,77.72671399797711
2021-08-07,Rain_mm_sum,gcrew,noaa_gefs,4.650000095367432
2021-08-07,ShortwaveRadiation_Wm2,gcrew,noaa_gefs,152.42857142857142
2021-08-07,WindSpeed_ms_mean,gcrew,noaa_gefs,3.5208942417033904
2021-08-08,AirTemp_C_mean,gcrew,noaa_gefs,22.0451599121094
2021-08-08,RH_percent_mean,gcrew,noaa_gefs,80.95583997453961
2021-08-08,Rain_mm_sum,gcrew,noaa_gefs,0.20999999530613425
2021-08-08,ShortwaveRadiation_Wm2,gcrew,noaa_gefs,264.85714285714283
2021-08-08,WindSpeed_ms_mean,gcrew,noaa_gefs,2.296968119919677
2021-08-09,AirTemp_C_mean,gcrew,noaa_gefs,24.504501778738863
2021-08-09,RH_percent_mean,gcrew,noaa_gefs,78.66460364205497
2021-08-09,Rain_mm_sum,gcrew,noaa_gefs,0.8599999845027924
2021-08-09,ShortwaveRadiation_Wm2,gcrew,noaa_gefs,281.42857142857144
2021-08-09,WindSpeed_ms_mean,gcrew,noaa_gefs,2.2351222402621276
2021-08-10,AirTemp_C_mean,gcrew,noaa_gefs,25.631799316406273
2021-08-10,RH_percent_mean,gcrew,noaa_gefs,77.14093889508929
2021-08-10,Rain_mm_sum,gcrew,noaa_gefs,2.5
2021-08-10,ShortwaveRadiation_Wm2,gcrew,noaa_gefs,283.85714285714283
2021-08-10,WindSpeed_ms_mean,gcrew,noaa_gefs,4.072774094566901
2021-08-11,AirTemp_C_mean,gcrew,noaa_gefs,26.836707414899575
2021-08-11,RH_percent_mean,gcrew,noaa_gefs,75.54852676391602
2021-08-11,Rain_mm_sum,gcrew,noaa_gefs,1.1299999952316284
2021-08-11,ShortwaveRadiation_Wm2,gcrew,noaa_gefs,283.42857142857144
2021-08-11,WindSpeed_ms_mean,gcrew,noaa_gefs,3.891498580436969
2021-08-12,AirTemp_C_mean,gcrew,noaa_gefs,26.85535801478797
2021-08-12,RH_percent_mean,gcrew,noaa_gefs,74.08458001273019
2021-08-12,Rain_mm_sum,gcrew,noaa_gefs,4.170000076293945
2021-08-12,ShortwaveRadiation_Wm2,gcrew,noaa_gefs,270.14285714285717
2021-08-12,WindSpeed_ms_mean,gcrew,noaa_gefs,2.9121558450728684
2021-08-13,AirTemp_C_mean,gcrew,noaa_gefs,28.1369088309152
2021-08-13,RH_percent_mean,gcrew,noaa_gefs,68.78038515363421
2021-08-13,Rain_mm_sum,gcrew,noaa_gefs,3.299999833106994
2021-08-13,ShortwaveRadiation_Wm2,gcrew,noaa_gefs,279.42857142857144
2021-08-13,WindSpeed_ms_mean,gcrew,noaa_gefs,2.379321478427766
2021-08-14,AirTemp_C_mean,gcrew,noaa_gefs,26.44538487025672
2021-08-14,RH_percent_mean,gcrew,noaa_gefs,74.63231985909599
2021-08-14,Rain_mm_sum,gcrew,noaa_gefs,6.0000001192092896
2021-08-14,ShortwaveRadiation_Wm2,gcrew,noaa_gefs,273
2021-08-14,WindSpeed_ms_mean,gcrew,noaa_gefs,2.2653629634079975
2021-08-15,AirTemp_C_mean,gcrew,noaa_gefs,24.19890311104913
2021-08-15,RH_percent_mean,gcrew,noaa_gefs,65.43716103690011
2021-08-15,Rain_mm_sum,gcrew,noaa_gefs,16.339999943971634
2021-08-15,ShortwaveRadiation_Wm2,gcrew,noaa_gefs,274.57142857142856
2021-08-15,WindSpeed_ms_mean,gcrew,noaa_gefs,4.4168313845468
2021-08-16,AirTemp_C_mean,gcrew,noaa_gefs,23.60586373465404
2021-08-16,RH_percent_mean,gcrew,noaa_gefs,79.37432752336774
2021-08-16,Rain_mm_sum,gcrew,noaa_gefs,1.2000000029802322
2021-08-16,ShortwaveRadiation_Wm2,gcrew,noaa_gefs,145.14285714285714
2021-08-16,WindSpeed_ms_mean,gcrew,noaa_gefs,2.5044810148156125
2021-08-17,AirTemp_C_mean,gcrew,noaa_gefs,24.855379813058057
2021-08-17,RH_percent_mean,gcrew,noaa_gefs,85.28544071742466
2021-08-17,Rain_mm_sum,gcrew,noaa_gefs,21.99000015296042
2021-08-17,ShortwaveRadiation_Wm2,gcrew,noaa_gefs,214.57142857142856
2021-08-17,WindSpeed_ms_mean,gcrew,noaa_gefs,4.318829704629759
2021-08-18,AirTemp_C_mean,gcrew,noaa_gefs,25.222837611607165
2021-08-18,RH_percent_mean,gcrew,noaa_gefs,83.88332802908761
2021-08-18,Rain_mm_sum,gcrew,noaa_gefs,21.66000045835972
2021-08-18,ShortwaveRadiation_Wm2,gcrew,noaa_gefs,249.14285714285717
2021-08-18,WindSpeed_ms_mean,gcrew,noaa_gefs,5.99505414766812
2021-08-19,AirTemp_C_mean,gcrew,noaa_gefs,26.537635149274575
2021-08-19,RH_percent_mean,gcrew,noaa_gefs,77.61973680768695
2021-08-19,Rain_mm_sum,gcrew,noaa_gefs,6.429999880492687
2021-08-19,ShortwaveRadiation_Wm2,gcrew,noaa_gefs,251.14285714285717
2021-08-19,WindSpeed_ms_mean,gcrew,noaa_gefs,3.892731897498946
2021-08-20,AirTemp_C_mean,gcrew,noaa_gefs,23.95759190150672
2021-08-20,RH_percent_mean,gcrew,noaa_gefs,80.91667720249721
2021-08-20,Rain_mm_sum,gcrew,noaa_gefs,13.790000140666962
2021-08-20,ShortwaveRadiation_Wm2,gcrew,noaa_gefs,144.14285714285717
2021-08-20,WindSpeed_ms_mean,gcrew,noaa_gefs,3.147833507632842
2021-08-21,AirTemp_C_mean,gcrew,noaa_gefs,24.500490897042432
2021-08-21,RH_percent_mean,gcrew,noaa_gefs,76.42464556012835
2021-08-21,Rain_mm_sum,gcrew,noaa_gefs,1.1700000166893003
2021-08-21,ShortwaveRadiation_Wm2,gcrew,noaa_gefs,218
2021-08-21,WindSpeed_ms_mean,gcrew,noaa_gefs,1.8622911091481824
2021-08-22,AirTemp_C_mean,gcrew,noaa_gefs,23.594236537388415
2021-08-22,RH_percent_mean,gcrew,noaa_gefs,83.0158211844308
2021-08-22,Rain_mm_sum,gcrew,noaa_gefs,17.87999975681305
2021-08-22,ShortwaveRadiation_Wm2,gcrew,noaa_gefs,86.42857142857143
2021-08-22,WindSpeed_ms_mean,gcrew,noaa_gefs,2.2495761869672033
2021-08-23,AirTemp_C_mean,gcrew,noaa_gefs,25.864726911272346
2021-08-23,RH_percent_mean,gcrew,noaa_gefs,73.07853371756417
2021-08-23,Rain_mm_sum,gcrew,noaa_gefs,0.47000000439584255
2021-08-23,ShortwaveRadiation_Wm2,gcrew,noaa_gefs,233.2857142857143
2021-08-23,WindSpeed_ms_mean,gcrew,noaa_gefs,2.7492651185972363
2021-08-24,AirTemp_C_mean,gcrew,noaa_gefs,26.995791190011182
2021-08-24,RH_percent_mean,gcrew,noaa_gefs,70.2838499886649
2021-08-24,Rain_mm_sum,gcrew,noaa_gefs,2.149999976158142
2021-08-24,ShortwaveRadiation_Wm2,gcrew,noaa_gefs,259
2021-08-24,WindSpeed_ms_mean,gcrew,noaa_gefs,2.3132127004412246
2021-08-25,AirTemp_C_mean,gcrew,noaa_gefs,26.78180193219868
2021-08-25,RH_percent_mean,gcrew,noaa_gefs,76.32146344866071
2021-08-25,Rain_mm_sum,gcrew,noaa_gefs,0
2021-08-25,ShortwaveRadiation_Wm2,gcrew,noaa_gefs,268.57142857142856
2021-08-25,WindSpeed_ms_mean,gcrew,noaa_gefs,1.0416861364497048
2021-08-26,AirTemp_C_mean,gcrew,noaa_gefs,26.453084019252255
2021-08-26,RH_percent_mean,gcrew,noaa_gefs,78.9678224836077
2021-08-26,Rain_mm_sum,gcrew,noaa_gefs,6.539999961853027
2021-08-26,ShortwaveRadiation_Wm2,gcrew,noaa_gefs,262.57142857142856
2021-08-26,WindSpeed_ms_mean,gcrew,noaa_gefs,2.7795879308201092
2021-08-27,AirTemp_C_mean,gcrew,noaa_gefs,26.523217773437523
2021-08-27,RH_percent_mean,gcrew,noaa_gefs,76.24255916050502
2021-08-27,Rain_mm_sum,gcrew,noaa_gefs,1.999999988824129
2021-08-27,ShortwaveRadiation_Wm2,gcrew,noaa_gefs,263.2857142857143
2021-08-27,WindSpeed_ms_mean,gcrew,noaa_gefs,2.2326583161769373
2021-08-28,AirTemp_C_mean,gcrew,noaa_gefs,25.944138009207613
2021-08-28,RH_percent_mean,gcrew,noaa_gefs,81.02280644008091
2021-08-28,Rain_mm_sum,gcrew,noaa_gefs,9.05999994277954
2021-08-28,ShortwaveRadiation_Wm2,gcrew,noaa_gefs,255.42857142857144
2021-08-28,WindSpeed_ms_mean,gcrew,noaa_gefs,2.659082908568182
2021-08-29,AirTemp_C_mean,gcrew,noaa_gefs,24.51052682059154
2021-08-29,RH_percent_mean,gcrew,noaa_gefs,83.72791944231305
2021-08-29,Rain_mm_sum,gcrew,noaa_gefs,7.900000266730785
2021-08-29,ShortwaveRadiation_Wm2,gcrew,noaa_gefs,207.2857142857143
2021-08-29,WindSpeed_ms_mean,gcrew,noaa_gefs,2.862986904071604
2021-08-30,AirTemp_C_mean,gcrew,noaa_gefs,25.76699654715404
2021-08-30,RH_percent_mean,gcrew,noaa_gefs,79.18152781895229
2021-08-30,Rain_mm_sum,gcrew,noaa_gefs,0.10000000149011612
2021-08-30,ShortwaveRadiation_Wm2,gcrew,noaa_gefs,256.57142857142856
2021-08-30,WindSpeed_ms_mean,gcrew,noaa_gefs,2.095358643678598
2021-08-31,AirTemp_C_mean,gcrew,noaa_gefs,25.60753348214288
2021-08-31,RH_percent_mean,gcrew,noaa_gefs,70.90440423148019
2021-08-31,Rain_mm_sum,gcrew,noaa_gefs,4.110000059008598
2021-08-31,ShortwaveRadiation_Wm2,gcrew,noaa_gefs,182.42857142857144
2021-08-31,WindSpeed_ms_mean,gcrew,noaa_gefs,3.076568351193015
2021-09-01,AirTemp_C_mean,gcrew,noaa_gefs,24.456811523437523
2021-09-01,RH_percent_mean,gcrew,noaa_gefs,85.73427472795758
2021-09-01,Rain_mm_sum,gcrew,noaa_gefs,28.220000326633453
2021-09-01,ShortwaveRadiation_Wm2,gcrew,noaa_gefs,204.57142857142856
2021-09-01,WindSpeed_ms_mean,gcrew,noaa_gefs,5.539629452831525
2021-09-02,AirTemp_C_mean,gcrew,noaa_gefs,20.738846261160734
2021-09-02,RH_percent_mean,gcrew,noaa_gefs,61.107203892299104
2021-09-02,Rain_mm_sum,gcrew,noaa_gefs,4.569999933242798
2021-09-02,ShortwaveRadiation_Wm2,gcrew,noaa_gefs,275.57142857142856
2021-09-02,WindSpeed_ms_mean,gcrew,noaa_gefs,8.723018422830258
2021-09-03,AirTemp_C_mean,gcrew,noaa_gefs,20.205691092354932
2021-09-03,RH_percent_mean,gcrew,noaa_gefs,59.22954504830496
2021-09-03,Rain_mm_sum,gcrew,noaa_gefs,0
2021-09-03,ShortwaveRadiation_Wm2,gcrew,noaa_gefs,266.42857142857144
2021-09-03,WindSpeed_ms_mean,gcrew,noaa_gefs,4.900294010196609
2021-09-04,AirTemp_C_mean,gcrew,noaa_gefs,20.159060232979932
2021-09-04,RH_percent_mean,gcrew,noaa_gefs,63.12734603881836
2021-09-04,Rain_mm_sum,gcrew,noaa_gefs,0
2021-09-04,ShortwaveRadiation_Wm2,gcrew,noaa_gefs,253.7142857142857
2021-09-04,WindSpeed_ms_mean,gcrew,noaa_gefs,2.3553628884843616
2021-09-05,AirTemp_C_mean,gcrew,noaa_gefs,20.3479684012277
2021-09-05,RH_percent_mean,gcrew,noaa_gefs,74.82437678745815
2021-09-05,Rain_mm_sum,gcrew,noaa_gefs,0.12000000104308128
2021-09-05,ShortwaveRadiation_Wm2,gcrew,noaa_gefs,62
2021-09-05,WindSpeed_ms_mean,gcrew,noaa_gefs,4.894248905819038
2021-09-06,AirTemp_C_mean,gcrew,noaa_gefs,23.534749058314755
2021-09-06,RH_percent_mean,gcrew,noaa_gefs,68.94603620256696
2021-09-06,Rain_mm_sum,gcrew,noaa_gefs,2.2300000190734863
2021-09-06,ShortwaveRadiation_Wm2,gcrew,noaa_gefs,260.85714285714283
2021-09-06,WindSpeed_ms_mean,gcrew,noaa_gefs,3.714932691972278
2021-09-07,AirTemp_C_mean,gcrew,noaa_gefs,23.27893763950895
2021-09-07,RH_percent_mean,gcrew,noaa_gefs,59.50676236833845
2021-09-07,Rain_mm_sum,gcrew,noaa_gefs,0
2021-09-07,ShortwaveRadiation_Wm2,gcrew,noaa_gefs,256.2857142857143
2021-09-07,WindSpeed_ms_mean,gcrew,noaa_gefs,2.8517934186879996
2021-09-08,AirTemp_C_mean,gcrew,noaa_gefs,23.943933105468773
2021-09-08,RH_percent_mean,gcrew,noaa_gefs,70.70095443725586
2021-09-08,Rain_mm_sum,gcrew,noaa_gefs,0
2021-09-08,ShortwaveRadiation_Wm2,gcrew,noaa_gefs,220.1428571428571
2021-09-08,WindSpeed_ms_mean,gcrew,noaa_gefs,6.723872131738269
2021-09-09,AirTemp_C_mean,gcrew,noaa_gefs,22.597754778180825
2021-09-09,RH_percent_mean,gcrew,noaa_gefs,77.79163415091378
2021-09-09,Rain_mm_sum,gcrew,noaa_gefs,12.200000405311584
2021-09-09,ShortwaveRadiation_Wm2,gcrew,noaa_gefs,106.57142857142858
2021-09-09,WindSpeed_ms_mean,gcrew,noaa_gefs,3.5046345421248226
2021-09-10,AirTemp_C_mean,gcrew,noaa_gefs,20.966537911551363
2021-09-10,RH_percent_mean,gcrew,noaa_gefs,58.448866162981304
2021-09-10,Rain_mm_sum,gcrew,noaa_gefs,1.600000023841858
2021-09-10,ShortwaveRadiation_Wm2,gcrew,noaa_gefs,256.2857142857143
2021-09-10,WindSpeed_ms_mean,gcrew,noaa_gefs,6.411954574481302
2021-09-11,AirTemp_C_mean,gcrew,noaa_gefs,20.646382359096005
2021-09-11,RH_percent_mean,gcrew,noaa_gefs,61.67231478009905
2021-09-11,Rain_mm_sum,gcrew,noaa_gefs,0
2021-09-11,ShortwaveRadiation_Wm2,gcrew,noaa_gefs,247
2021-09-11,WindSpeed_ms_mean,gcrew,noaa_gefs,2.6610420031299906
2021-09-12,AirTemp_C_mean,gcrew,noaa_gefs,22.472253417968773
2021-09-12,RH_percent_mean,gcrew,noaa_gefs,65.67015729631696
2021-09-12,Rain_mm_sum,gcrew,noaa_gefs,0
2021-09-12,ShortwaveRadiation_Wm2,gcrew,noaa_gefs,243.14285714285717
2021-09-12,WindSpeed_ms_mean,gcrew,noaa_gefs,5.6419605789185985
2021-09-13,AirTemp_C_mean,gcrew,noaa_gefs,25.027280970982165
2021-09-13,RH_percent_mean,gcrew,noaa_gefs,66.77585765293666
2021-09-13,Rain_mm_sum,gcrew,noaa_gefs,1.2300000246614218
2021-09-13,ShortwaveRadiation_Wm2,gcrew,noaa_gefs,240.57142857142856
2021-09-13,WindSpeed_ms_mean,gcrew,noaa_gefs,3.9911733466768857
2021-09-14,AirTemp_C_mean,gcrew,noaa_gefs,24.899599783761182
2021-09-14,RH_percent_mean,gcrew,noaa_gefs,77.50115094866071
2021-09-14,Rain_mm_sum,gcrew,noaa_gefs,0
2021-09-14,ShortwaveRadiation_Wm2,gcrew,noaa_gefs,224.42857142857144
2021-09-14,WindSpeed_ms_mean,gcrew,noaa_gefs,1.8302635732025647
2021-09-15,AirTemp_C_mean,gcrew,noaa_gefs,24.235611397879488
2021-09-15,RH_percent_mean,gcrew,noaa_gefs,74.13647951398578
2021-09-15,Rain_mm_sum,gcrew,noaa_gefs,0
2021-09-15,ShortwaveRadiation_Wm2,gcrew,noaa_gefs,233.57142857142856
2021-09-15,WindSpeed_ms_mean,gcrew,noaa_gefs,5.293814573533204
2021-09-16,AirTemp_C_mean,gcrew,noaa_gefs,23.598548235212075
2021-09-16,RH_percent_mean,gcrew,noaa_gefs,84.00231497628349
2021-09-16,Rain_mm_sum,gcrew,noaa_gefs,14.060000106692314
2021-09-16,ShortwaveRadiation_Wm2,gcrew,noaa_gefs,181.14285714285717
2021-09-16,WindSpeed_ms_mean,gcrew,noaa_gefs,2.109318822845441
2021-09-17,AirTemp_C_mean,gcrew,noaa_gefs,23.066443743024575
2021-09-17,RH_percent_mean,gcrew,noaa_gefs,86.63051496233258
2021-09-17,Rain_mm_sum,gcrew,noaa_gefs,0.4000000059604645
2021-09-17,ShortwaveRadiation_Wm2,gcrew,noaa_gefs,216.14285714285717
2021-09-17,WindSpeed_ms_mean,gcrew,noaa_gefs,5.226271819998697
2021-09-18,AirTemp_C_mean,gcrew,noaa_gefs,23.523640659877255
2021-09-18,RH_percent_mean,gcrew,noaa_gefs,79.20897184099469
2021-09-18,Rain_mm_sum,gcrew,noaa_gefs,0.19999999552965164
2021-09-18,ShortwaveRadiation_Wm2,gcrew,noaa_gefs,221.85714285714283
2021-09-18,WindSpeed_ms_mean,gcrew,noaa_gefs,2.3936056129697167
2021-09-19,AirTemp_C_mean,gcrew,noaa_gefs,22.9672790527344
2021-09-19,RH_percent_mean,gcrew,noaa_gefs,64.20498493739537
2021-09-19,Rain_mm_sum,gcrew,noaa_gefs,0.3200000002980232
2021-09-19,ShortwaveRadiation_Wm2,gcrew,noaa_gefs,238.14285714285717
2021-09-19,WindSpeed_ms_mean,gcrew,noaa_gefs,3.8438114303165327
2021-09-20,AirTemp_C_mean,gcrew,noaa_gefs,20.86931326729913
2021-09-20,RH_percent_mean,gcrew,noaa_gefs,67.69087655203683
2021-09-20,Rain_mm_sum,gcrew,noaa_gefs,0
2021-09-20,ShortwaveRadiation_Wm2,gcrew,noaa_gefs,228.14285714285717
2021-09-20,WindSpeed_ms_mean,gcrew,noaa_gefs,3.54266037788329
2021-09-21,AirTemp_C_mean,gcrew,noaa_gefs,21.558932059151807
2021-09-21,RH_percent_mean,gcrew,noaa_gefs,74.79616328648159
2021-09-21,Rain_mm_sum,gcrew,noaa_gefs,0
2021-09-21,ShortwaveRadiation_Wm2,gcrew,noaa_gefs,112.14285714285715
2021-09-21,WindSpeed_ms_mean,gcrew,noaa_gefs,4.880182207295364
2021-09-22,AirTemp_C_mean,gcrew,noaa_gefs,22.910137067522346
2021-09-22,RH_percent_mean,gcrew,noaa_gefs,85.23901258196149
2021-09-22,Rain_mm_sum,gcrew,noaa_gefs,4.159999944269657
2021-09-22,ShortwaveRadiation_Wm2,gcrew,noaa_gefs,129
2021-09-22,WindSpeed_ms_mean,gcrew,noaa_gefs,7.083710909163932
2021-09-23,AirTemp_C_mean,gcrew,noaa_gefs,21.134375871930825
2021-09-23,RH_percent_mean,gcrew,noaa_gefs,87.11038425990513
2021-09-23,Rain_mm_sum,gcrew,noaa_gefs,56.21000063419342
2021-09-23,ShortwaveRadiation_Wm2,gcrew,noaa_gefs,7.428571428571428
2021-09-23,WindSpeed_ms_mean,gcrew,noaa_gefs,7.354267424968245
2021-09-24,AirTemp_C_mean,gcrew,noaa_gefs,18.648806326729932
2021-09-24,RH_percent_mean,gcrew,noaa_gefs,48.19903891427176
2021-09-24,Rain_mm_sum,gcrew,noaa_gefs,0
2021-09-24,ShortwaveRadiation_Wm2,gcrew,noaa_gefs,235.85714285714283
2021-09-24,WindSpeed_ms_mean,gcrew,noaa_gefs,3.646216727615382
2021-09-25,AirTemp_C_mean,gcrew,noaa_gefs,19.12812412806922
2021-09-25,RH_percent_mean,gcrew,noaa_gefs,57.376803806849885
2021-09-25,Rain_mm_sum,gcrew,noaa_gefs,0
2021-09-25,ShortwaveRadiation_Wm2,gcrew,noaa_gefs,212.85714285714283
2021-09-25,WindSpeed_ms_mean,gcrew,noaa_gefs,1.4745079673323531
2021-09-26,AirTemp_C_mean,gcrew,noaa_gefs,19.800966971261182
2021-09-26,RH_percent_mean,gcrew,noaa_gefs,55.8871340070452
2021-09-26,Rain_mm_sum,gcrew,noaa_gefs,0
2021-09-26,ShortwaveRadiation_Wm2,gcrew,noaa_gefs,227.42857142857144
2021-09-26,WindSpeed_ms_mean,gcrew,noaa_gefs,5.586269728561701
2021-09-27,AirTemp_C_mean,gcrew,noaa_gefs,20.002487618582613
2021-09-27,RH_percent_mean,gcrew,noaa_gefs,49.60243933541434
2021-09-27,Rain_mm_sum,gcrew,noaa_gefs,0
2021-09-27,ShortwaveRadiation_Wm2,gcrew,noaa_gefs,221.85714285714283
2021-09-27,WindSpeed_ms_mean,gcrew,noaa_gefs,4.049749602710453
2021-09-28,AirTemp_C_mean,gcrew,noaa_gefs,22.459130859375023
2021-09-28,RH_percent_mean,gcrew,noaa_gefs,60.1283324105399
2021-09-28,Rain_mm_sum,gcrew,noaa_gefs,2.6800000742077827
2021-09-28,ShortwaveRadiation_Wm2,gcrew,noaa_gefs,173
2021-09-28,WindSpeed_ms_mean,gcrew,noaa_gefs,5.19584523152901
2021-09-29,AirTemp_C_mean,gcrew,noaa_gefs,17.596695382254488
2021-09-29,RH_percent_mean,gcrew,noaa_gefs,59.856010981968474
2021-09-29,Rain_mm_sum,gcrew,noaa_gefs,0.8500000089406967
2021-09-29,ShortwaveRadiation_Wm2,gcrew,noaa_gefs,222.2857142857143
2021-09-29,WindSpeed_ms_mean,gcrew,noaa_gefs,6.4815264668121
2021-09-30,AirTemp_C_mean,gcrew,noaa_gefs,18.2337105887277
2021-09-30,RH_percent_mean,gcrew,noaa_gefs,53.68489946637835
2021-09-30,Rain_mm_sum,gcrew,noaa_gefs,0
2021-09-30,ShortwaveRadiation_Wm2,gcrew,noaa_gefs,218.85714285714283
2021-09-30,WindSpeed_ms_mean,gcrew,noaa_gefs,2.5123426700402143
2021-10-01,AirTemp_C_mean,gcrew,noaa_gefs,16.538437325613863
2021-10-01,RH_percent_mean,gcrew,noaa_gefs,54.759094783238005
2021-10-01,Rain_mm_sum,gcrew,noaa_gefs,0
2021-10-01,ShortwaveRadiation_Wm2,gcrew,noaa_gefs,220.57142857142856
2021-10-01,WindSpeed_ms_mean,gcrew,noaa_gefs,3.376327131000581
2021-10-02,AirTemp_C_mean,gcrew,noaa_gefs,18.146286446707613
2021-10-02,RH_percent_mean,gcrew,noaa_gefs,68.13534327915737
2021-10-02,Rain_mm_sum,gcrew,noaa_gefs,0
2021-10-02,ShortwaveRadiation_Wm2,gcrew,noaa_gefs,211.14285714285717
2021-10-02,WindSpeed_ms_mean,gcrew,noaa_gefs,3.497734875680439
2021-10-03,AirTemp_C_mean,gcrew,noaa_gefs,21.369369942801363
2021-10-03,RH_percent_mean,gcrew,noaa_gefs,67.71620832170758
2021-10-03,Rain_mm_sum,gcrew,noaa_gefs,0
2021-10-03,ShortwaveRadiation_Wm2,gcrew,noaa_gefs,182.14285714285717
2021-10-03,WindSpeed_ms_mean,gcrew,noaa_gefs,2.4640946233304364
2021-10-04,AirTemp_C_mean,gcrew,noaa_gefs,22.52727225167413
2021-10-04,RH_percent_mean,gcrew,noaa_gefs,72.88860103062221
2021-10-04,Rain_mm_sum,gcrew,noaa_gefs,2.1599999647587538
2021-10-04,ShortwaveRadiation_Wm2,gcrew,noaa_gefs,135
2021-10-04,WindSpeed_ms_mean,gcrew,noaa_gefs,3.885416047478814
2021-10-05,AirTemp_C_mean,gcrew,noaa_gefs,21.53125697544645
2021-10-05,RH_percent_mean,gcrew,noaa_gefs,85.61016518729073
2021-10-05,Rain_mm_sum,gcrew,noaa_gefs,16.909999288618565
2021-10-05,ShortwaveRadiation_Wm2,gcrew,noaa_gefs,159.42857142857142
2021-10-05,WindSpeed_ms_mean,gcrew,noaa_gefs,2.579586277577135
2021-10-06,AirTemp_C_mean,gcrew,noaa_gefs,19.780358886718773
2021-10-06,RH_percent_mean,gcrew,noaa_gefs,84.1779545375279
2021-10-06,Rain_mm_sum,gcrew,noaa_gefs,0.3099999986588955
2021-10-06,ShortwaveRadiation_Wm2,gcrew,noaa_gefs,69.57142857142857
2021-10-06,WindSpeed_ms_mean,gcrew,noaa_gefs,3.12222586935944
2021-10-07,AirTemp_C_mean,gcrew,noaa_gefs,19.631324114118325
2021-10-07,RH_percent_mean,gcrew,noaa_gefs,76.55522155761719
2021-10-07,Rain_mm_sum,gcrew,noaa_gefs,0.03999999910593033
2021-10-07,ShortwaveRadiation_Wm2,gcrew,noaa_gefs,156.57142857142858
2021-10-07,WindSpeed_ms_mean,gcrew,noaa_gefs,2.2677852964540564
2021-10-08,AirTemp_C_mean,gcrew,noaa_gefs,20.039387730189755
2021-10-08,RH_percent_mean,gcrew,noaa_gefs,75.02079445975167
2021-10-08,Rain_mm_sum,gcrew,noaa_gefs,0
2021-10-08,ShortwaveRadiation_Wm2,gcrew,noaa_gefs,190.7142857142857
2021-10-08,WindSpeed_ms_mean,gcrew,noaa_gefs,1.3621696858909147
2021-10-09,AirTemp_C_mean,gcrew,noaa_gefs,20.379976981026807
2021-10-09,RH_percent_mean,gcrew,noaa_gefs,73.74904523577008
2021-10-09,Rain_mm_sum,gcrew,noaa_gefs,0.14999999850988388
2021-10-09,ShortwaveRadiation_Wm2,gcrew,noaa_gefs,147.71428571428572
2021-10-09,WindSpeed_ms_mean,gcrew,noaa_gefs,4.6582582041237055
2021-10-10,AirTemp_C_mean,gcrew,noaa_gefs,19.78140084402904
2021-10-10,RH_percent_mean,gcrew,noaa_gefs,84.66293661934989
2021-10-10,Rain_mm_sum,gcrew,noaa_gefs,8.549999944865704
2021-10-10,ShortwaveRadiation_Wm2,gcrew,noaa_gefs,73.42857142857142
2021-10-10,WindSpeed_ms_mean,gcrew,noaa_gefs,6.896658888064704
2021-10-11,AirTemp_C_mean,gcrew,noaa_gefs,19.87232142857145
2021-10-11,RH_percent_mean,gcrew,noaa_gefs,79.29712023053851
2021-10-11,Rain_mm_sum,gcrew,noaa_gefs,0.20000000298023224
2021-10-11,ShortwaveRadiation_Wm2,gcrew,noaa_gefs,104.57142857142858
2021-10-11,WindSpeed_ms_mean,gcrew,noaa_gefs,5.081022147056852
2021-10-12,AirTemp_C_mean,gcrew,noaa_gefs,19.66318882533485
2021-10-12,RH_percent_mean,gcrew,noaa_gefs,81.82747105189732
2021-10-12,Rain_mm_sum,gcrew,noaa_gefs,0.1600000001490116
2021-10-12,ShortwaveRadiation_Wm2,gcrew,noaa_gefs,97.28571428571428
2021-10-12,WindSpeed_ms_mean,gcrew,noaa_gefs,3.512468618210426
2021-10-13,AirTemp_C_mean,gcrew,noaa_gefs,19.928818184988863
2021-10-13,RH_percent_mean,gcrew,noaa_gefs,83.64953722272601
2021-10-13,Rain_mm_sum,gcrew,noaa_gefs,0.04999999888241291
2021-10-13,ShortwaveRadiation_Wm2,gcrew,noaa_gefs,132.85714285714286
2021-10-13,WindSpeed_ms_mean,gcrew,noaa_gefs,1.8656290471689232
2021-10-14,AirTemp_C_mean,gcrew,noaa_gefs,20.282638985770113
2021-10-14,RH_percent_mean,gcrew,noaa_gefs,76.81919697352818
2021-10-14,Rain_mm_sum,gcrew,noaa_gefs,0.15000000037252903
2021-10-14,ShortwaveRadiation_Wm2,gcrew,noaa_gefs,167.7142857142857
2021-10-14,WindSpeed_ms_mean,gcrew,noaa_gefs,2.602752943280115
2021-10-15,AirTemp_C_mean,gcrew,noaa_gefs,21.22858799525672
2021-10-15,RH_percent_mean,gcrew,noaa_gefs,68.48327091761998
2021-10-15,Rain_mm_sum,gcrew,noaa_gefs,0
2021-10-15,ShortwaveRadiation_Wm2,gcrew,noaa_gefs,176.14285714285717
2021-10-15,WindSpeed_ms_mean,gcrew,noaa_gefs,1.7942863508551217
2021-10-16,AirTemp_C_mean,gcrew,noaa_gefs,21.07935267857145
2021-10-16,RH_percent_mean,gcrew,noaa_gefs,72.14000047956195
2021-10-16,Rain_mm_sum,gcrew,noaa_gefs,3.900000095367432
2021-10-16,ShortwaveRadiation_Wm2,gcrew,noaa_gefs,140
2021-10-16,WindSpeed_ms_mean,gcrew,noaa_gefs,6.916571790589674
2021-10-17,AirTemp_C_mean,gcrew,noaa_gefs,15.12260916573663
2021-10-17,RH_percent_mean,gcrew,noaa_gefs,56.29128755841936
2021-10-17,Rain_mm_sum,gcrew,noaa_gefs,0.00999999977648258
2021-10-17,ShortwaveRadiation_Wm2,gcrew,noaa_gefs,167.57142857142858
2021-10-17,WindSpeed_ms_mean,gcrew,noaa_gefs,8.498286968061546
2021-10-18,AirTemp_C_mean,gcrew,noaa_gefs,14.919444928850467
2021-10-18,RH_percent_mean,gcrew,noaa_gefs,52.38705280848912
2021-10-18,Rain_mm_sum,gcrew,noaa_gefs,0
2021-10-18,ShortwaveRadiation_Wm2,gcrew,noaa_gefs,141.85714285714286
2021-10-18,WindSpeed_ms_mean,gcrew,noaa_gefs,7.397484011064807
2021-10-19,AirTemp_C_mean,gcrew,noaa_gefs,15.728156389508952
2021-10-19,RH_percent_mean,gcrew,noaa_gefs,51.23862402779715
2021-10-19,Rain_mm_sum,gcrew,noaa_gefs,0
2021-10-19,ShortwaveRadiation_Wm2,gcrew,noaa_gefs,184.7142857142857
2021-10-19,WindSpeed_ms_mean,gcrew,noaa_gefs,5.238162744708394
2021-10-20,AirTemp_C_mean,gcrew,noaa_gefs,18.827735246930825
2021-10-20,RH_percent_mean,gcrew,noaa_gefs,55.54605484008789
2021-10-20,Rain_mm_sum,gcrew,noaa_gefs,0
2021-10-20,ShortwaveRadiation_Wm2,gcrew,noaa_gefs,179
2021-10-20,WindSpeed_ms_mean,gcrew,noaa_gefs,5.467959217991725
2021-10-21,AirTemp_C_mean,gcrew,noaa_gefs,17.63509957449779
2021-10-21,RH_percent_mean,gcrew,noaa_gefs,58.937767028808594
2021-10-21,Rain_mm_sum,gcrew,noaa_gefs,0
2021-10-21,ShortwaveRadiation_Wm2,gcrew,noaa_gefs,176
2021-10-21,WindSpeed_ms_mean,gcrew,noaa_gefs,3.3633046946136207
2021-10-22,AirTemp_C_mean,gcrew,noaa_gefs,18.391338239397346
2021-10-22,RH_percent_mean,gcrew,noaa_gefs,59.07709176199777
2021-10-22,Rain_mm_sum,gcrew,noaa_gefs,0.3799999989569187
2021-10-22,ShortwaveRadiation_Wm2,gcrew,noaa_gefs,142.85714285714286
2021-10-22,WindSpeed_ms_mean,gcrew,noaa_gefs,5.040694269552502
2021-10-23,AirTemp_C_mean,gcrew,noaa_gefs,16.043359375000023
2021-10-23,RH_percent_mean,gcrew,noaa_gefs,63.03446524483817
2021-10-23,Rain_mm_sum,gcrew,noaa_gefs,0.4000000059604645
2021-10-23,ShortwaveRadiation_Wm2,gcrew,noaa_gefs,77.28571428571429
2021-10-23,WindSpeed_ms_mean,gcrew,noaa_gefs,2.581837602332033
2021-10-24,AirTemp_C_mean,gcrew,noaa_gefs,14.772358921596004
2021-10-24,RH_percent_mean,gcrew,noaa_gefs,69.47740990774972
2021-10-24,Rain_mm_sum,gcrew,noaa_gefs,0.800000011920929
2021-10-24,ShortwaveRadiation_Wm2,gcrew,noaa_gefs,87.14285714285715
2021-10-24,WindSpeed_ms_mean,gcrew,noaa_gefs,3.1670113251397285
2021-10-25,AirTemp_C_mean,gcrew,noaa_gefs,18.656387765066988
2021-10-25,RH_percent_mean,gcrew,noaa_gefs,79.5102675301688
2021-10-25,Rain_mm_sum,gcrew,noaa_gefs,0.20000000298023224
2021-10-25,ShortwaveRadiation_Wm2,gcrew,noaa_gefs,133
2021-10-25,WindSpeed_ms_mean,gcrew,noaa_gefs,6.840514819092884
2021-10-26,AirTemp_C_mean,gcrew,noaa_gefs,16.97353951590404
2021-10-26,RH_percent_mean,gcrew,noaa_gefs,79.6356222970145
2021-10-26,Rain_mm_sum,gcrew,noaa_gefs,49.36000078171491
2021-10-26,ShortwaveRadiation_Wm2,gcrew,noaa_gefs,91.57142857142856
2021-10-26,WindSpeed_ms_mean,gcrew,noaa_gefs,6.2197819974682975
2021-10-27,AirTemp_C_mean,gcrew,noaa_gefs,14.939813232421898
2021-10-27,RH_percent_mean,gcrew,noaa_gefs,71.97912543160575
2021-10-27,Rain_mm_sum,gcrew,noaa_gefs,0.7000000178813934
2021-10-27,ShortwaveRadiation_Wm2,gcrew,noaa_gefs,148.57142857142858
2021-10-27,WindSpeed_ms_mean,gcrew,noaa_gefs,8.929837855250561
2021-10-28,AirTemp_C_mean,gcrew,noaa_gefs,15.50322440011163
2021-10-28,RH_percent_mean,gcrew,noaa_gefs,72.26381955827985
2021-10-28,Rain_mm_sum,gcrew,noaa_gefs,0
2021-10-28,ShortwaveRadiation_Wm2,gcrew,noaa_gefs,151.57142857142858
2021-10-28,WindSpeed_ms_mean,gcrew,noaa_gefs,2.8623010141876697
2021-10-29,AirTemp_C_mean,gcrew,noaa_gefs,16.02706734793529
2021-10-29,RH_percent_mean,gcrew,noaa_gefs,84.73456682477679
2021-10-29,Rain_mm_sum,gcrew,noaa_gefs,30.00999976694584
2021-10-29,ShortwaveRadiation_Wm2,gcrew,noaa_gefs,4.285714285714286
2021-10-29,WindSpeed_ms_mean,gcrew,noaa_gefs,10.271794041755882
2021-10-30,AirTemp_C_mean,gcrew,noaa_gefs,15.08560442243306
2021-10-30,RH_percent_mean,gcrew,noaa_gefs,77.62721361432757
2021-10-30,Rain_mm_sum,gcrew,noaa_gefs,1.690000019967556
2021-10-30,ShortwaveRadiation_Wm2,gcrew,noaa_gefs,144.28571428571428
2021-10-30,WindSpeed_ms_mean,gcrew,noaa_gefs,4.75907469538655
2021-10-31,AirTemp_C_mean,gcrew,noaa_gefs,15.575625174386184
2021-10-31,RH_percent_mean,gcrew,noaa_gefs,71.30919538225446
2021-10-31,Rain_mm_sum,gcrew,noaa_gefs,1.0999999940395355
2021-10-31,ShortwaveRadiation_Wm2,gcrew,noaa_gefs,140
2021-10-31,WindSpeed_ms_mean,gcrew,noaa_gefs,6.277123716571849
2021-11-01,AirTemp_C_mean,gcrew,noaa_gefs,13.825463867187525
2021-11-01,RH_percent_mean,gcrew,noaa_gefs,59.21963391985212
2021-11-01,Rain_mm_sum,gcrew,noaa_gefs,0
2021-11-01,ShortwaveRadiation_Wm2,gcrew,noaa_gefs,160
2021-11-01,WindSpeed_ms_mean,gcrew,noaa_gefs,5.865648758880744
2021-11-02,AirTemp_C_mean,gcrew,noaa_gefs,11.149787248883952
2021-11-02,RH_percent_mean,gcrew,noaa_gefs,57.55069242204939
2021-11-02,Rain_mm_sum,gcrew,noaa_gefs,2.809999942779541
2021-11-02,ShortwaveRadiation_Wm2,gcrew,noaa_gefs,51.42857142857142
2021-11-02,WindSpeed_ms_mean,gcrew,noaa_gefs,3.131238331051846
2021-11-03,AirTemp_C_mean,gcrew,noaa_gefs,9.333978271484398
2021-11-03,RH_percent_mean,gcrew,noaa_gefs,53.3490366254534
2021-11-03,Rain_mm_sum,gcrew,noaa_gefs,0
2021-11-03,ShortwaveRadiation_Wm2,gcrew,noaa_gefs,157.14285714285714
2021-11-03,WindSpeed_ms_mean,gcrew,noaa_gefs,5.154383512888902
2021-11-04,AirTemp_C_mean,gcrew,noaa_gefs,8.777725655691986
2021-11-04,RH_percent_mean,gcrew,noaa_gefs,49.37412207467215
2021-11-04,Rain_mm_sum,gcrew,noaa_gefs,0
2021-11-04,ShortwaveRadiation_Wm2,gcrew,noaa_gefs,110
2021-11-04,WindSpeed_ms_mean,gcrew,noaa_gefs,3.2009779194251196
2021-11-05,AirTemp_C_mean,gcrew,noaa_gefs,8.926350620814755
2021-11-05,RH_percent_mean,gcrew,noaa_gefs,48.484687260219026
2021-11-05,Rain_mm_sum,gcrew,noaa_gefs,0
2021-11-05,ShortwaveRadiation_Wm2,gcrew,noaa_gefs,154.28571428571428
2021-11-05,WindSpeed_ms_mean,gcrew,noaa_gefs,5.518498499222734
2021-11-06,AirTemp_C_mean,gcrew,noaa_gefs,9.198127092633952
2021-11-06,RH_percent_mean,gcrew,noaa_gefs,52.27492686680385
2021-11-06,Rain_mm_sum,gcrew,noaa_gefs,0
2021-11-06,ShortwaveRadiation_Wm2,gcrew,noaa_gefs,130
2021-11-06,WindSpeed_ms_mean,gcrew,noaa_gefs,3.12007442973753
2021-11-07,AirTemp_C_mean,gcrew,noaa_gefs,9.95128348214288
2021-11-07,RH_percent_mean,gcrew,noaa_gefs,60.8446900503976
2021-11-07,Rain_mm_sum,gcrew,noaa_gefs,0
2021-11-07,ShortwaveRadiation_Wm2,gcrew,noaa_gefs,130
2021-11-07,WindSpeed_ms_mean,gcrew,noaa_gefs,4.5543188618225265
2021-11-08,AirTemp_C_mean,gcrew,noaa_gefs,13.09809483119422
2021-11-08,RH_percent_mean,gcrew,noaa_gefs,57.100389208112446
2021-11-08,Rain_mm_sum,gcrew,noaa_gefs,0
2021-11-08,ShortwaveRadiation_Wm2,gcrew,noaa_gefs,144.28571428571428
2021-11-08,WindSpeed_ms_mean,gcrew,noaa_gefs,5.904513676684555
2021-11-09,AirTemp_C_mean,gcrew,noaa_gefs,15.369775390625025
2021-11-09,RH_percent_mean,gcrew,noaa_gefs,63.39628165108817
2021-11-09,Rain_mm_sum,gcrew,noaa_gefs,0
2021-11-09,ShortwaveRadiation_Wm2,gcrew,noaa_gefs,140
2021-11-09,WindSpeed_ms_mean,gcrew,noaa_gefs,2.6428190326121452
2021-11-10,AirTemp_C_mean,gcrew,noaa_gefs,15.51833932059154
2021-11-10,RH_percent_mean,gcrew,noaa_gefs,64.50716781616211
2021-11-10,Rain_mm_sum,gcrew,noaa_gefs,0
2021-11-10,ShortwaveRadiation_Wm2,gcrew,noaa_gefs,135.71428571428572
2021-11-10,WindSpeed_ms_mean,gcrew,noaa_gefs,4.122662776240331
2021-11-11,AirTemp_C_mean,gcrew,noaa_gefs,14.256572614397344
2021-11-11,RH_percent_mean,gcrew,noaa_gefs,70.72373362949916
2021-11-11,Rain_mm_sum,gcrew,noaa_gefs,0
2021-11-11,ShortwaveRadiation_Wm2,gcrew,noaa_gefs,105.71428571428572
2021-11-11,WindSpeed_ms_mean,gcrew,noaa_gefs,4.340788603065971
2021-11-12,AirTemp_C_mean,gcrew,noaa_gefs,16.751868547712075
2021-11-12,RH_percent_mean,gcrew,noaa_gefs,75.66920961652484
2021-11-12,Rain_mm_sum,gcrew,noaa_gefs,6.2599999606609344
2021-11-12,ShortwaveRadiation_Wm2,gcrew,noaa_gefs,61.42857142857142
2021-11-12,WindSpeed_ms_mean,gcrew,noaa_gefs,6.917130778343275
2021-11-13,AirTemp_C_mean,gcrew,noaa_gefs,12.446204485212077
2021-11-13,RH_percent_mean,gcrew,noaa_gefs,54.78424290248326
2021-11-13,Rain_mm_sum,gcrew,noaa_gefs,0.20000000298023224
2021-11-13,ShortwaveRadiation_Wm2,gcrew,noaa_gefs,101.42857142857142
2021-11-13,WindSpeed_ms_mean,gcrew,noaa_gefs,5.628167507201149
2021-11-14,AirTemp_C_mean,gcrew,noaa_gefs,7.0458879743303795
2021-11-14,RH_percent_mean,gcrew,noaa_gefs,55.98089381626674
2021-11-14,Rain_mm_sum,gcrew,noaa_gefs,0
2021-11-14,ShortwaveRadiation_Wm2,gcrew,noaa_gefs,117.14285714285715
2021-11-14,WindSpeed_ms_mean,gcrew,noaa_gefs,5.518959385574197
2021-11-15,AirTemp_C_mean,gcrew,noaa_gefs,8.40402483258931
2021-11-15,RH_percent_mean,gcrew,noaa_gefs,55.093793051583425
2021-11-15,Rain_mm_sum,gcrew,noaa_gefs,0.3799999952316284
2021-11-15,ShortwaveRadiation_Wm2,gcrew,noaa_gefs,132.85714285714286
2021-11-15,WindSpeed_ms_mean,gcrew,noaa_gefs,8.651880248043808
2021-11-16,AirTemp_C_mean,gcrew,noaa_gefs,7.407059151785737
2021-11-16,RH_percent_mean,gcrew,noaa_gefs,55.90863800048828
2021-11-16,Rain_mm_sum,gcrew,noaa_gefs,0
2021-11-16,ShortwaveRadiation_Wm2,gcrew,noaa_gefs,130
2021-11-16,WindSpeed_ms_mean,gcrew,noaa_gefs,5.215731958934919
2021-11-17,AirTemp_C_mean,gcrew,noaa_gefs,10.970152064732163
2021-11-17,RH_percent_mean,gcrew,noaa_gefs,68.06647000994
2021-11-17,Rain_mm_sum,gcrew,noaa_gefs,0
2021-11-17,ShortwaveRadiation_Wm2,gcrew,noaa_gefs,105.71428571428572
2021-11-17,WindSpeed_ms_mean,gcrew,noaa_gefs,3.740635600517026
2021-11-18,AirTemp_C_mean,gcrew,noaa_gefs,16.097371128627255
2021-11-18,RH_percent_mean,gcrew,noaa_gefs,64.65018844604492
2021-11-18,Rain_mm_sum,gcrew,noaa_gefs,0
2021-11-18,ShortwaveRadiation_Wm2,gcrew,noaa_gefs,121.42857142857142
2021-11-18,WindSpeed_ms_mean,gcrew,noaa_gefs,6.385169044431838
2021-11-19,AirTemp_C_mean,gcrew,noaa_gefs,7.189019775390648
2021-11-19,RH_percent_mean,gcrew,noaa_gefs,53.01565660749163
2021-11-19,Rain_mm_sum,gcrew,noaa_gefs,0.6500000059604645
2021-11-19,ShortwaveRadiation_Wm2,gcrew,noaa_gefs,130
2021-11-19,WindSpeed_ms_mean,gcrew,noaa_gefs,9.914469938481927
2021-11-20,AirTemp_C_mean,gcrew,noaa_gefs,6.223182024274577
2021-11-20,RH_percent_mean,gcrew,noaa_gefs,53.92193712506975
2021-11-20,Rain_mm_sum,gcrew,noaa_gefs,0
2021-11-20,ShortwaveRadiation_Wm2,gcrew,noaa_gefs,104.28571428571428
2021-11-20,WindSpeed_ms_mean,gcrew,noaa_gefs,3.4047327183293596
2021-11-21,AirTemp_C_mean,gcrew,noaa_gefs,7.727371651785737
2021-11-21,RH_percent_mean,gcrew,noaa_gefs,66.6926623753139
2021-11-21,Rain_mm_sum,gcrew,noaa_gefs,0
2021-11-21,ShortwaveRadiation_Wm2,gcrew,noaa_gefs,91.42857142857142
2021-11-21,WindSpeed_ms_mean,gcrew,noaa_gefs,4.108606118387214
2021-11-22,AirTemp_C_mean,gcrew,noaa_gefs,10.50706961495538
2021-11-22,RH_percent_mean,gcrew,noaa_gefs,67.14654813494
2021-11-22,Rain_mm_sum,gcrew,noaa_gefs,9.20000010728836
2021-11-22,ShortwaveRadiation_Wm2,gcrew,noaa_gefs,77.14285714285715
2021-11-22,WindSpeed_ms_mean,gcrew,noaa_gefs,6.956564721858495
2021-11-23,AirTemp_C_mean,gcrew,noaa_gefs,4.062938581194219
2021-11-23,RH_percent_mean,gcrew,noaa_gefs,50.38812092372349
2021-11-23,Rain_mm_sum,gcrew,noaa_gefs,0
2021-11-23,ShortwaveRadiation_Wm2,gcrew,noaa_gefs,125.71428571428572
2021-11-23,WindSpeed_ms_mean,gcrew,noaa_gefs,8.765420549271209
2021-11-24,AirTemp_C_mean,gcrew,noaa_gefs,4.6216326032366295
2021-11-24,RH_percent_mean,gcrew,noaa_gefs,44.16322272164481
2021-11-24,Rain_mm_sum,gcrew,noaa_gefs,0
2021-11-24,ShortwaveRadiation_Wm2,gcrew,noaa_gefs,124.28571428571428
2021-11-24,WindSpeed_ms_mean,gcrew,noaa_gefs,4.839977982701648
2021-11-25,AirTemp_C_mean,gcrew,noaa_gefs,7.1629534040178795
2021-11-25,RH_percent_mean,gcrew,noaa_gefs,47.150494711739675
2021-11-25,Rain_mm_sum,gcrew,noaa_gefs,0
2021-11-25,ShortwaveRadiation_Wm2,gcrew,noaa_gefs,102.85714285714285
2021-11-25,WindSpeed_ms_mean,gcrew,noaa_gefs,3.3728137916088112
2021-11-26,AirTemp_C_mean,gcrew,noaa_gefs,7.915137590680827
2021-11-26,RH_percent_mean,gcrew,noaa_gefs,62.58826174054827
2021-11-26,Rain_mm_sum,gcrew,noaa_gefs,8.900000035762787
2021-11-26,ShortwaveRadiation_Wm2,gcrew,noaa_gefs,110
2021-11-26,WindSpeed_ms_mean,gcrew,noaa_gefs,7.070415515051399
2021-11-27,AirTemp_C_mean,gcrew,noaa_gefs,3.434712437221005
2021-11-27,RH_percent_mean,gcrew,noaa_gefs,55.564783913748606
2021-11-27,Rain_mm_sum,gcrew,noaa_gefs,0
2021-11-27,ShortwaveRadiation_Wm2,gcrew,noaa_gefs,120
2021-11-27,WindSpeed_ms_mean,gcrew,noaa_gefs,8.396654400210766
2021-11-28,AirTemp_C_mean,gcrew,noaa_gefs,6.677283586774577
2021-11-28,RH_percent_mean,gcrew,noaa_gefs,54.6019172668457
2021-11-28,Rain_mm_sum,gcrew,noaa_gefs,0.10000000149011612
2021-11-28,ShortwaveRadiation_Wm2,gcrew,noaa_gefs,112.85714285714285
2021-11-28,WindSpeed_ms_mean,gcrew,noaa_gefs,3.9711825253741218
2021-11-29,AirTemp_C_mean,gcrew,noaa_gefs,5.401134381975469
2021-11-29,RH_percent_mean,gcrew,noaa_gefs,61.54594039916992
2021-11-29,Rain_mm_sum,gcrew,noaa_gefs,1.2100000157952309
2021-11-29,ShortwaveRadiation_Wm2,gcrew,noaa_gefs,114.28571428571428
2021-11-29,WindSpeed_ms_mean,gcrew,noaa_gefs,6.841696893781403
2021-11-30,AirTemp_C_mean,gcrew,noaa_gefs,6.2038774762835045
2021-11-30,RH_percent_mean,gcrew,noaa_gefs,52.09261866978237
2021-11-30,Rain_mm_sum,gcrew,noaa_gefs,0
2021-11-30,ShortwaveRadiation_Wm2,gcrew,noaa_gefs,91.42857142857142
2021-11-30,WindSpeed_ms_mean,gcrew,noaa_gefs,4.26211150879595
2024-11-25,AirTemp_C_mean,gcrew,noaa_gefs,9.839898681640648
2024-11-25,RH_percent_mean,gcrew,noaa_gefs,62.9239616394043
2024-11-25,Rain_mm_sum,gcrew,noaa_gefs,0
2024-11-25,ShortwaveRadiation_Wm2,gcrew,noaa_gefs,112.85714285714285
2024-11-25,WindSpeed_ms_mean,gcrew,noaa_gefs,3.135906370044921
